case,cores,old_makespan,new_makespan,old_speedup,new_speedup,speedup_delta,old_added_bytes,new_added_bytes,old_groups,new_groups,old_active,new_active,old_source,new_source
case_001,2,122275,116868,1.9064404007360458,1.9946435294520313,0.08820312871598546,5760,1152,6,2,2,2,local1_fixed_96_merge_0_2,a_affinity_64_bundle_2
case_001,3,84296,78545,2.765374394989086,2.9678528232223567,0.20247842823327078,2304,2304,3,3,3,3,local1_fixed_192_merge_0_3,a_affinity_64_bundle_3
case_001,4,66601,58984,3.50009759613219,3.952088702020887,0.45199110588869695,26112,3456,13,4,4,4,local2_fixed_48_split_1_1,a_affinity_64_bundle_4
case_001,5,51119,47502,4.560143977777343,4.9073723211654245,0.34722834338808184,26496,4608,24,5,5,5,local1_fixed_24_merge_0_5,a_affinity_64_bundle_5
case_002,2,142820,142820,1.83409186388461,1.83409186388461,0.0,540672,540672,3,4,2,2,local2_fixed_768_merge_0_2,a_refine1_split_1_1
case_002,3,104599,101777,2.5042782435778546,2.573715082975525,0.06943683939767054,924672,709632,18,17,3,3,local1_fixed_96_merge_0_3,a_refine1_merge_17_18
case_002,4,80206,80206,3.265902800289255,3.265902800289255,0.0,540672,540672,5,5,4,4,local2_fixed_384_merge_0_4,local2_fixed_384_merge_0_4
case_002,5,67051,64475,3.9066531446212585,4.0627374951531605,0.15608435053190206,1075200,927744,38,37,5,5,local2_fixed_48_split_3_1,a_refine1_merge_35_36
case_003,2,594199,538381,1.0134853811601836,1.1185610190552786,0.105075637895095,3018580,98304,70,2,2,2,local1_fixed_192_merge_69_70,a_affinity_64_bundle_2
case_003,3,594199,538381,1.0134853811601836,1.1185610190552786,0.105075637895095,3018580,98304,70,2,2,2,local1_fixed_192_merge_69_70,a_affinity_64_bundle_2
case_003,4,594418,538764,1.013111985168686,1.1177658492401126,0.10465386407142652,3018596,196608,71,3,2,3,fixed_192,a_affinity_64_bundle_3
case_003,5,594418,539155,1.013111985168686,1.1169552355074144,0.10384325033872832,3018596,294912,71,4,2,4,fixed_192,a_affinity_64_bundle_4
case_004,2,207654,199074,1.8894747994259682,1.9709103147573264,0.08143551533135818,2064384,110592,17,2,2,2,local1_fixed_48_move_14_1_0,a_affinity_64_bundle_2
case_004,3,181072,134043,2.1668562781655916,2.927098020784375,0.7602417426187835,1944576,221184,16,3,3,3,local1_fixed_48_merge_0_1,a_affinity_64_bundle_3
case_004,4,152634,104188,2.570574052963298,3.765855952700887,1.195281899737589,6343680,331776,50,4,4,4,local2_fixed_16_split_0_1,a_affinity_64_bundle_4
case_004,5,126851,88341,3.0930540555454824,4.441391879195391,1.3483378236499082,4159488,442368,33,5,5,5,local2_fixed_24_split_0_1,a_affinity_64_bundle_5
case_005,2,94090,93418,1.0162397704325645,1.0235500652979084,0.007310294865343847,380692,311474,6,5,1,1,local2_fixed_768_merge_1_2,a_refine1_merge_6_4
case_005,3,94432,93760,1.0125593019315486,1.019816552901024,0.007257250969475271,506266,437048,8,7,1,1,local2_fixed_768_split_1_2,a_refine1_merge_6_4
case_005,4,94432,93760,1.0125593019315486,1.019816552901024,0.007257250969475271,506266,437048,8,7,1,1,local2_fixed_768_split_1_2,a_refine1_merge_6_4
case_005,5,94432,93760,1.0125593019315486,1.019816552901024,0.007257250969475271,506266,437048,8,7,1,1,local2_fixed_768_split_1_2,a_refine1_merge_6_4
case_006,2,44168,44168,1.8754980981706213,1.8754980981706213,0.0,25812,25812,5,5,2,2,local2_fixed_192_split_3_1,local2_fixed_192_split_3_1
case_006,3,44168,32509,1.8754980981706213,2.548125134578117,0.6726270364074955,25812,91264,5,27,2,3,local2_fixed_192_split_3_1,components_total
case_006,4,44875,28395,1.845949860724234,2.917309385455186,1.071359524730952,25692,637516,4,46,2,4,fixed_192,a_affinity_64_bundle_3
case_006,5,44875,25968,1.845949860724234,3.1899645717806533,1.3440147110564193,25692,477134,4,53,2,5,fixed_192,a_affinity_64_bundle_4
case_007,2,533642,507494,1.8974555975729046,1.9952196479170197,0.09776405034411506,1462272,27648,40,2,2,2,local1_fixed_96_merge_0_1,a_affinity_64_bundle_2
case_007,3,355014,338094,2.8521748438089767,2.994912657426633,0.14273781361765625,708096,55296,20,3,3,3,local1_fixed_192_merge_0_1,a_affinity_64_bundle_3
case_007,4,278598,254398,3.6344912741656437,3.980227831979811,0.34573655781416734,3022848,82944,82,4,4,4,local2_fixed_48_split_0_1,a_affinity_64_bundle_4
case_007,5,248776,203834,4.070175579637907,4.967581463347626,0.8974058837097187,6041088,110592,163,5,5,5,local2_fixed_24_split_0_1,a_affinity_64_bundle_5
case_008,2,248055,244266,1.9657132490778255,1.9962049568912579,0.030491707813432356,0,0,17,2,2,2,local1_fixed_48_merge_0_2,a_affinity_64_bundle_2
case_008,3,164903,163359,2.9569201288029934,2.984867684057811,0.027947555254817846,0,0,8,3,3,3,local1_fixed_96_merge_0_3,a_affinity_64_bundle_3
case_008,4,131666,123060,3.703347865052481,3.962335446123842,0.25898758107136066,0,0,35,4,4,4,local1_fixed_24_merge_0_4,a_affinity_64_bundle_4
case_008,5,109730,100603,4.44367994167502,4.846823653370178,0.40314371169515795,0,0,5,5,5,5,fixed_192,a_affinity_64_bundle_5
case_009,2,153517,92198,0.9983324322387749,1.66230286991041,0.6639704376716352,74802,0,4,2,1,2,local2_fixed_1536_split_1_2,a_affinity_64_bundle_2
case_009,3,144507,92198,1.0605783802860762,1.66230286991041,0.6017244896243339,2171754,0,355,2,3,2,local1_fixed_16_move_337_2_0,a_affinity_64_bundle_2
case_009,4,136443,92207,1.1232602625272092,1.6621406183912284,0.5388803558640192,2171754,24576,355,3,4,3,local1_fixed_16_move_337_2_0,a_affinity_64_bundle_3
case_009,5,134750,92216,1.1373729128014842,1.6619783985425522,0.524605485741068,2179434,49152,356,4,5,4,local1_fixed_16_split_342_1,a_affinity_64_bundle_4
case_010,2,63102,48318,1.3782288992424963,1.7999296328490417,0.4217007336065455,658846,261490,28,8,2,2,local2_fixed_24_split_12_1,a_affinity_64_bundle_2
case_010,3,58183,30915,1.4947493254043278,2.813165130195698,1.31841580479137,813290,261490,41,8,3,3,local1_fixed_16_merge_18_21,a_affinity_64_bundle_2
case_010,4,51802,26426,1.6788734025713292,3.2910391281313855,1.6121657255600563,813290,309876,42,11,4,4,local1_fixed_16_swap_1_0,a_affinity_64_bundle_3
case_010,5,43840,24576,1.9837819343065692,3.5387776692708335,1.5549957349642642,813290,358262,42,14,5,5,local1_fixed_16_move_18_2_0,a_affinity_64_bundle_4
case_011,2,109851,92646,1.6813410892936795,1.9935777043801135,0.31223661508643397,2637824,180224,85,2,2,2,local1_fixed_8_merge_0_1,a_affinity_64_bundle_2
case_011,3,109230,69625,1.6908999359150416,2.6527396768402154,0.9618397409251738,2654208,1081344,86,3,3,3,local1_fixed_8_move_0_2_0,a_affinity_64_bundle_3
case_011,4,79773,46880,2.315282112995625,3.9397824232081913,1.6245003102125661,3702784,540672,173,4,4,4,local2_fixed_4_split_0_2,a_affinity_64_bundle_4
case_011,5,79773,46880,2.315282112995625,3.9397824232081913,1.6245003102125661,3702784,540672,173,4,4,4,local2_fixed_4_split_0_2,a_affinity_64_bundle_4
case_012,2,52439,30058,1.126794942695322,1.965799454388183,0.8390045116928608,648348,29376,61,2,2,2,local1_fixed_16_move_31_1_0,a_affinity_64_bundle_2
case_012,3,36589,20661,1.6149115854491787,2.8598809350951067,1.244969349645928,648348,39168,62,3,3,3,local1_fixed_16_split_30_2,a_affinity_64_bundle_3
case_012,4,35627,15863,1.6585174165660874,3.7248944083716826,2.066376991805595,631964,49536,60,4,4,4,local1_fixed_16_merge_4_5,a_affinity_64_bundle_4
case_012,5,36086,13406,1.6374217147924404,4.407578696106221,2.7701569813137805,631964,53568,60,5,5,5,local1_fixed_16_merge_4_5,a_affinity_64_bundle_5
case_013,2,136727,132198,1.930481909205936,1.9966187083011846,0.06613679909524861,73728,8192,10,2,2,2,local1_fixed_192_merge_0_2,a_affinity_64_bundle_2
case_013,3,93112,88351,2.8347474009794658,2.98750438591527,0.15275698493580414,172032,16384,22,3,3,3,local1_fixed_96_split_2_1,a_affinity_64_bundle_3
case_013,4,72584,66982,3.636462581285132,3.9405959810098237,0.3041333997246918,155648,24576,20,4,4,4,local1_fixed_96_merge_0_4,a_affinity_64_bundle_4
case_013,5,58651,54363,4.500332475149614,4.855305998565201,0.35497352341558663,32768,32768,5,5,5,5,local1_fixed_384_merge_0_5,a_affinity_64_bundle_5
case_014,2,8988154,8876630,1.9691057807865775,1.9938451867431672,0.024739405956589744,187929796,78205368,744,18,2,2,local1_fixed_48_move_59_1_0,a_affinity_64_bundle_2
case_014,3,5984300,5961708,2.9575098173554135,2.968717354154212,0.01120753679879849,127330260,84667560,186,18,3,3,local1_fixed_192_move_80_2_0,a_affinity_64_bundle_3
case_014,4,4697281,4520765,3.767844844709099,3.9149626224765055,0.14711777776740664,187929796,91513752,744,20,4,4,local1_fixed_48_move_91_2_0,a_affinity_64_bundle_4
case_014,5,4246253,3842627,4.1680573437334045,4.605866247231386,0.43780890349798174,187929796,165905592,744,1340,5,5,local1_fixed_48_move_65_3_0,a_affinity_64_bundle_0
case_015,2,97686,97138,1.8156337653297299,1.8258765879470444,0.010242822617314573,1144568,1124408,21,20,2,2,local1_fixed_48_merge_0_1,a_refine1_merge_3_4
case_015,3,97686,68260,1.8156337653297299,2.5983299150307646,0.7826961497010347,1144568,901632,21,46,2,3,local1_fixed_48_merge_0_1,components_pipe
case_015,4,97686,59806,1.8156337653297299,2.9656221783767514,1.1499884130470215,1144568,901632,21,46,2,4,local1_fixed_48_merge_0_1,components_pipe
case_015,5,97686,49799,1.8156337653297299,3.5615574609931926,1.7459236956634627,1144568,901632,21,46,2,5,local1_fixed_48_merge_0_1,components_total
case_016,2,7724753,4550194,0.9988051397889356,1.6956470427414743,0.6968419029525387,4259988,119554128,11,915,1,2,local1_fixed_1536_merge_6_7,a_affinity_64_bundle_2
case_016,3,7724753,3712678,0.9988051397889356,2.0781557140155975,1.079350574226662,4259992,119554736,11,1220,1,3,local1_fixed_1536_merge_4_5,a_affinity_64_bundle_3
case_016,4,7724753,3241338,0.9988051397889356,2.380351262349067,1.3815461225601315,4259992,119555344,11,1525,1,4,local1_fixed_1536_merge_4_5,a_affinity_64_bundle_4
case_016,5,7724753,3223183,0.9988051397889356,2.3937589023024755,1.39495376251354,4259992,119555952,11,1830,1,5,local1_fixed_1536_merge_4_5,a_affinity_64_bundle_5
case_017,2,93703,81772,1.7375110722175384,1.9910238223352736,0.2535127501177352,1067608,87552,58,2,2,2,local1_fixed_24_move_21_0_0,a_affinity_64_bundle_2
case_017,3,67608,55389,2.40814696485623,2.939392298109733,0.5312453332535032,966232,175104,57,3,3,3,local1_fixed_24_merge_1_2,a_affinity_64_bundle_3
case_017,4,60624,41209,2.6855700712589075,3.9508359824310224,1.265265911172115,935512,253440,57,4,4,4,local1_fixed_24_merge_0_1,a_affinity_64_bundle_4
case_017,5,60622,34231,2.6856586717693247,4.756215126639596,2.070556454870271,935512,338688,57,5,5,5,local1_fixed_24_merge_0_1,a_affinity_64_bundle_5
case_018,2,568371,510696,1.767097547200684,1.9666631420649467,0.19956559486426273,12773196,3253264,172,10,2,2,local1_fixed_16_split_36_1,a_affinity_64_bundle_2
case_018,3,370756,345351,2.708970320102709,2.908249867526082,0.19927954742337306,12007232,4093968,113,11,3,3,local1_fixed_24_merge_24_25,a_affinity_64_bundle_3
case_018,4,335676,258569,2.9920727129732243,3.884328747839068,0.8922560348658437,12781388,4938768,172,12,4,4,local1_fixed_16_split_36_2,a_affinity_64_bundle_4
case_018,5,272443,209976,3.6865215843314014,4.783246656760773,1.0967250724293716,12765004,5345296,171,13,5,5,local1_fixed_16_move_111_2_0,a_affinity_64_bundle_5
case_019,2,60502,41382,1.3411788040064792,1.960852544584602,0.6196737405781227,590480,27168,41,2,2,2,local1_fixed_16_move_10_1_0,a_affinity_64_bundle_2
case_019,3,56764,28657,1.4294975688816856,2.831559479359319,1.4020619104776333,1505248,54336,162,3,3,3,local1_fixed_4_swap_0_6,a_affinity_64_bundle_3
case_019,4,52654,24099,1.5410795001329434,3.3671106684924688,1.8260311683595254,1512448,54336,164,4,4,4,local2_fixed_4_split_147_1,a_affinity_64_bundle_4
case_019,5,49668,24099,1.6337279536119835,3.3671106684924688,1.7333827148804852,1505248,54336,162,4,5,4,local1_fixed_4_move_40_2_0,a_affinity_64_bundle_4
case_020,2,296958,266956,1.7940112743216212,1.9956322390206627,0.20162096469904145,4657152,0,147,4,2,2,local1_fixed_48_split_1_1,a_affinity_64_bundle_2
case_020,3,250806,178464,2.1241357862252097,2.985173480365788,0.8610376941405784,4648960,0,147,6,3,3,local1_fixed_48_split_2_2,a_affinity_64_bundle_3
case_020,4,176800,133704,3.0132692307692306,3.984518039849219,0.9712488090799885,4657152,0,147,4,4,4,local1_fixed_48_split_0_1,a_affinity_64_bundle_4
case_020,5,160395,107650,3.321462639109698,4.948871342313051,1.6274087032033533,4612096,0,146,5,5,5,local1_fixed_48_move_5_3_0,a_affinity_64_bundle_5
case_021,2,3656498,3162700,1.796237000539861,2.0766866917507194,0.2804496912108585,82759680,18124800,490,80,2,2,local2_fixed_8_split_1_1,a_affinity_64_bundle_0
case_021,3,2641459,2144024,2.4864807668792133,3.063369160046716,0.5768883931675028,76984320,7766016,245,3,3,3,local1_fixed_16_move_22_0_0,a_affinity_64_bundle_3
case_021,4,2066413,1550324,3.1784241581910297,4.236493145948847,1.0580689877578173,89395200,4608000,982,4,4,4,local2_fixed_4_split_2_2,a_affinity_64_bundle_4
case_021,5,1916183,1250168,3.427614690246182,5.253643510312214,1.826028820066032,89395200,11431936,980,5,5,5,local2_fixed_4_split_50_1,a_affinity_64_bundle_5
case_022,2,56571,31089,1.003694472432872,1.826369455434398,0.8226749830015261,726412,6928,7,10,1,2,local1_adaptive_memory_150_merge_3_4,a_affinity_64_bundle_2
case_022,3,39774,20473,1.4275657464675415,2.7734088799882772,1.3458431335207357,1368958,13840,19,11,2,3,local1_adaptive_memory_65_merge_13_14,a_affinity_64_bundle_3
case_022,4,56780,16137,1.0,3.51862180083039,2.51862180083039,0,13840,1,12,1,4,local1_fixed_768_merge_0_1,a_affinity_64_bundle_4
case_022,5,56780,13013,1.0,4.363328978713594,3.363328978713594,0,27648,1,32,1,5,local1_fixed_768_merge_0_1,components_total
case_023,2,97038,61501,1.2635668500999608,1.9936911594933415,0.7301243093933807,1153856,84384,4,2,1,2,local2_adaptive_critical_164_merge_3_5,a_affinity_64_bundle_2
case_023,3,99281,41403,1.235019792306685,2.961476221529841,1.726456429223156,1602612,133536,9,3,1,3,local2_adaptive_reuse_110_split_6_1,a_affinity_64_bundle_3
case_023,4,90529,30142,1.3544168167106674,4.0678787074513965,2.713461890740729,2361704,281280,16,4,2,4,local1_adaptive_memory_57_merge_5_6,a_affinity_64_bundle_4
case_023,5,106437,24517,1.1519866211937577,5.001182852714443,3.8491962315206854,2248258,270912,12,5,1,5,local1_adaptive_reuse_72_merge_2_3,a_affinity_64_bundle_5
case_024,2,2555993,1506718,0.9997456957041745,1.6959663321205427,0.6962206364163682,393224,39327048,2,303,1,2,local2_fixed_1536_merge_0_1,a_affinity_64_bundle_2
case_024,3,2557189,1228774,0.9992781135848777,2.0795874587190157,1.080309345134138,851980,39327248,3,404,1,3,local1_fixed_1536_merge_2_3,a_affinity_64_bundle_3
case_024,4,2557189,1072818,0.9992781135848777,2.3818979547323034,1.3826198411474255,851980,39327448,3,505,1,4,local1_fixed_1536_merge_2_3,a_affinity_64_bundle_4
case_024,5,2557189,1067515,0.9992781135848777,2.3937302988716787,1.3944521852868008,851980,39327648,3,606,1,5,local1_fixed_1536_merge_2_3,a_affinity_64_bundle_5
case_025,2,2471046,2433620,1.9680030238206816,1.9982684231720647,0.03026539935138306,3580416,248832,97,10,2,2,local1_fixed_192_merge_0_1,a_affinity_64_bundle_2
case_025,3,1722042,1624040,2.823988032812208,2.9944003842269895,0.1704123514147815,14470656,304128,389,12,3,3,local1_fixed_48_move_0_2_0,a_affinity_64_bundle_3
case_025,4,1292873,1271901,3.761410440159242,3.8234312261724774,0.06202078601323535,14470656,14470656,389,389,4,4,local1_fixed_48_move_2_3_0,a_refine1_move_7_3_0
case_025,5,1072106,1067084,4.53595633267606,4.5573038298765605,0.021347497200500776,3628032,3580416,98,97,5,5,local1_fixed_192_move_2_4_0,a_refine1_merge_14_15
case_026,2,99203,63846,1.0,1.553785671772703,0.553785671772703,0,844200,1,28,1,2,fixed_636,a_affinity_64_bundle_2
case_026,3,92465,40115,1.0728708159844265,2.4729652249781875,1.400094408993761,1897276,846944,12,34,2,3,local1_adaptive_memory_49_merge_8_9,a_affinity_64_bundle_3
case_026,4,92465,33527,1.0728708159844265,2.9588987979837147,1.8860279819992882,1897276,846944,12,34,2,4,local1_adaptive_memory_49_merge_8_9,a_affinity_64_bundle_3
case_026,5,92465,31375,1.0728708159844265,3.1618486055776893,2.0889777895932626,1897276,848104,12,40,2,5,local1_adaptive_memory_49_merge_8_9,a_affinity_64_bundle_4
case_027,2,1193181,1120962,1.981218272835387,2.10886006840553,0.127641795570143,11968512,1744896,177,2,2,2,local1_fixed_8_merge_0_1,a_affinity_64_bundle_2
case_027,3,1193181,837049,1.981218272835387,2.8241500796249683,0.8429318067895812,11968512,3686400,177,3,2,3,local1_fixed_8_merge_0_1,a_affinity_64_bundle_3
case_027,4,698954,559196,3.3821281514949484,4.227412213249022,0.8452840617540738,18530304,3317760,357,4,4,4,local2_fixed_4_split_133_1,a_affinity_64_bundle_4
case_027,5,656858,558753,3.5988782963745587,4.230763861670542,0.6318855652959829,18530304,5529600,357,5,4,5,local2_fixed_4_split_178_1,a_affinity_64_bundle_5
case_028,2,21068701,20808437,2.080623765081673,2.1066474142195304,0.026023649137857596,337692672,326568960,408,153,2,2,local1_fixed_48_move_1_1_0,a_affinity_64_bundle_0
case_028,3,14125979,14071516,3.1032213767272343,3.1152322180495693,0.012010841322334986,337683456,337683456,407,407,3,3,local1_fixed_48_merge_0_1,a_refine1_move_9_0_0
case_028,4,11613047,10924174,3.774723377938624,4.0127555639446975,0.23803218600607368,337692672,337692672,408,408,4,4,local1_fixed_48_move_17_0_0,a_refine1_move_1_3_0
case_028,5,10041376,10039308,4.365541136991584,4.366440396091045,0.0008992590994614247,337683456,337658880,407,406,5,5,local1_fixed_48_merge_0_1,a_refine1_merge_3_4
case_029,2,29918,19740,1.2552643893308377,1.9024822695035462,0.6472178801727084,1004162,0,13,2,2,2,local2_adaptive_memory_62_split_9_1,a_affinity_64_bundle_2
case_029,3,30480,12743,1.2321194225721785,2.9471082162756024,1.7149887937034238,1045124,0,12,3,3,3,local1_adaptive_memory_63_merge_3_4,a_affinity_64_bundle_3
case_029,4,28561,11028,1.3149049403032107,3.405422560754443,2.0905176204512324,1024930,0,33,4,4,4,local1_adaptive_memory_24_merge_17_21,a_affinity_64_bundle_4
case_029,5,26637,9383,1.4098809926042724,4.002451241607162,2.5925702490028892,774876,0,107,5,5,5,local1_fixed_8_merge_3_4,a_affinity_64_bundle_5
case_030,2,1618358,1401492,1.7351129972478276,2.0036033027659093,0.2684903055180816,58187836,7103488,630,6,2,2,local1_fixed_16_move_14_1_0,a_affinity_64_bundle_2
case_030,3,1157409,936416,2.42613803763406,2.998703567645149,0.5725655300110888,58187836,10442752,630,6,3,3,local1_fixed_16_move_14_1_0,a_affinity_64_bundle_3
case_030,4,1037102,699900,2.707577461040476,4.012050292898985,1.3044728318585093,58187836,12166144,630,8,4,4,local1_fixed_16_move_14_0_0,a_affinity_64_bundle_4
case_030,5,1042290,561102,2.6941004902666243,5.004498290863337,2.3103978005967125,58187836,11479040,630,5,5,5,local1_fixed_16_move_78_4_0,a_affinity_64_bundle_5
case_031,2,868833,731359,1.6278951190850255,1.9338915635139515,0.30599644442892604,19641446,6292924,129,175,2,2,local1_fixed_48_split_0_2,a_affinity_4096_bundle_2
case_031,3,733386,503429,1.9285464952971558,2.8094706502803772,0.8809241549832214,32382874,13281816,384,113,3,3,local1_fixed_16_move_105_1_0,a_affinity_64_bundle_0
case_031,4,673440,379558,2.1002153124257545,3.7263580269682106,1.626142714542456,26913084,13281816,19,113,4,4,local1_adaptive_memory_341_split_4_1,a_affinity_64_bundle_0
case_031,5,651345,315425,2.1714590577957917,4.484010462074978,2.312551404279186,28897212,13281816,23,113,5,5,local1_adaptive_memory_272_split_7_2,a_affinity_64_bundle_0
case_032,2,27330,21040,1.516392242956458,1.9697243346007605,0.45333209164430244,270532,6216,9,2,2,2,local2_fixed_96_split_4_2,a_affinity_64_bundle_2
case_032,3,21098,14175,1.9643094132145227,2.923668430335097,0.9593590171205744,368908,12432,17,3,3,3,local1_fixed_48_merge_13_14,a_affinity_64_bundle_3
case_032,4,21098,11004,1.9643094132145227,3.7661759360232643,1.8018665228087416,368908,18576,17,4,3,4,local1_fixed_48_merge_13_14,a_affinity_64_bundle_4
case_032,5,21098,10496,1.9643094132145227,3.9484565548780486,1.984147141663526,368908,12432,17,5,3,5,local1_fixed_48_merge_13_14,a_affinity_64_bundle_5
case_033,2,1095006,895153,1.6202614414898182,1.9820030765690335,0.3617416350792153,37036298,6729824,217,14,2,2,local1_fixed_16_move_106_1_44,a_affinity_64_bundle_2
case_033,3,866132,593958,2.0484129439854435,2.987073160055088,0.9386602160696444,32128360,7107712,145,17,3,3,local1_fixed_24_move_22_1_0,a_affinity_64_bundle_3
case_033,4,744102,445071,2.3843451569811664,3.9863212835704864,1.60197612658932,37036298,7313056,217,20,4,4,local1_fixed_16_move_30_3_0,a_affinity_64_bundle_4
case_033,5,718217,355787,2.4702784812946503,4.986680232835939,2.5164017515412884,37036298,7895232,217,21,5,5,local1_fixed_16_move_33_4_12,a_affinity_64_bundle_5
case_034,2,509835,429811,1.6534682789529946,1.9613178815805086,0.30784960262751393,16429872,2627212,235,81,2,2,local1_fixed_16_move_152_1_0,a_affinity_64_bundle_2
case_034,3,426024,295827,1.978752370758455,2.8496249497172332,0.8708725789587783,16479024,3822760,236,96,3,3,local2_fixed_16_split_116_1,a_affinity_64_bundle_3
case_034,4,387913,227131,2.1731573832276827,3.7114968894602676,1.5383395062325849,16429872,4449976,235,108,4,4,local1_fixed_16_move_127_2_0,a_affinity_64_bundle_4
case_034,5,393458,187886,2.142531096076328,4.486741960550547,2.344210864474219,16429872,5236928,235,118,5,5,local1_fixed_16_move_130_3_15,a_affinity_64_bundle_5
case_035,2,142214,95406,1.1923650273531439,1.7773620107750037,0.5849969834218598,1518688,9216,80,16,2,2,local1_fixed_48_merge_61_62,components_total
case_035,3,142214,95424,1.1923650273531439,1.77702674379611,0.5846617164429662,1518688,9216,80,16,3,3,local1_fixed_48_merge_61_62,components_total
case_035,4,142214,95442,1.1923650273531439,1.7766916032773832,0.5843265759242393,1518688,9216,80,16,4,4,local1_fixed_48_merge_61_62,components_pipe
case_035,5,115413,95460,1.4692538968747022,1.7763565891472868,0.3071026922725846,2227440,225966,161,24,5,5,local1_fixed_24_move_123_3_0,a_affinity_64_bundle_4
case_036,2,477240,466068,1.9518690805464756,1.998656848356892,0.04678776781041649,55296,1152,49,2,2,2,local1_fixed_48_merge_0_2,a_affinity_64_bundle_2
case_036,3,325581,311345,2.861069902727739,2.991890025534375,0.13082012280663635,83328,2304,52,3,3,3,local2_fixed_48_split_0_2,a_affinity_64_bundle_3
case_036,4,249743,233584,3.7298743107914936,3.987901568600589,0.25802725780909563,83328,3456,52,4,4,4,local2_fixed_48_split_3_1,a_affinity_64_bundle_4
case_036,5,190889,187182,4.8798516415298945,4.976493466252097,0.09664182472220251,39936,4608,25,5,5,5,local2_fixed_96_split_0_1,a_affinity_64_bundle_5
case_037,2,140035,105374,1.4996322347984432,1.992910964754114,0.4932787299556707,4694016,204800,34,2,2,2,local2_fixed_24_split_0_1,a_affinity_64_bundle_2
case_037,3,105526,74038,1.9900403691981123,2.836394824279424,0.8463544550813118,4552704,1064960,32,3,3,3,local1_fixed_24_merge_15_16,a_affinity_64_bundle_3
case_037,4,105526,53320,1.9900403691981123,3.938503375843961,1.9484630066458488,4552704,614400,32,4,3,4,local1_fixed_24_merge_15_16,a_affinity_64_bundle_4
case_037,5,105526,43800,1.9900403691981123,4.794543378995434,2.8045030097973216,4552704,1925120,32,5,3,5,local1_fixed_24_merge_15_16,a_affinity_64_bundle_5
case_038,2,846328,683286,1.612324063483661,1.997048088209037,0.3847240247253758,33209272,6722048,370,4,2,2,local1_fixed_16_move_199_1_92,a_affinity_64_bundle_2
case_038,3,670053,452248,2.0364881583994103,3.0172714970547134,0.9807833386553031,33209272,8097792,370,3,3,3,local1_fixed_16_move_226_0_60,a_affinity_64_bundle_3
case_038,4,626200,339624,2.1791041200894283,4.017840317527619,1.8387361974381906,33209272,9295872,370,4,4,4,local1_fixed_16_move_199_2_46,a_affinity_64_bundle_4
case_038,5,616748,275133,2.2125000810703885,4.959619529463932,2.7471194483935437,33209272,9676800,370,5,5,5,local1_fixed_16_move_208_4_0,a_affinity_64_bundle_5
case_039,2,888180,703838,1.6159584768853161,2.039193678090697,0.42323520120538083,45703168,12075008,110,4,2,2,local1_fixed_48_move_50_1_0,a_affinity_64_bundle_2
case_039,3,882349,485565,1.626637532314311,2.9558596686334475,1.3292221363191365,40914944,14323712,14,3,3,3,local1_adaptive_critical_512_split_0_2,a_affinity_64_bundle_3
case_039,4,846699,395323,1.695126603432861,3.6306058590064327,1.9354792555735718,44572672,17604608,21,4,4,4,local1_adaptive_critical_291_move_10_3_0,a_affinity_64_bundle_4
case_039,5,817974,395323,1.754654793428642,3.6306058590064327,1.8759510655777907,43057152,17604608,18,4,5,4,adaptive_critical_337,a_affinity_64_bundle_4
case_040,2,245781,139970,1.0312188493008003,1.8107737372294064,0.779554887928606,3690990,688398,19,20,2,2,local1_adaptive_memory_143_merge_4_5,a_affinity_64_bundle_2
case_040,3,152524,110105,1.6617319241561983,2.301929975932065,0.6401980517758665,4590188,688398,30,20,3,3,local1_adaptive_memory_95_merge_4_6,a_affinity_64_bundle_2
case_040,4,246629,110202,1.0276731446829044,2.2999038129979494,1.272230668315045,2386950,316416,64,28,4,4,local1_fixed_48_merge_54_55,components_pipe
case_040,5,245418,110337,1.0327441344970623,2.2970898248094476,1.2643456903123853,2386950,316416,64,28,5,5,local1_fixed_48_merge_54_55,components_pipe
case_041,2,3490429,3032665,1.7201200769303715,1.979762683975975,0.2596426070456035,133803396,31174656,1037,9,2,2,local1_fixed_16_merge_123_126,a_affinity_64_bundle_2
case_041,3,2221140,2034639,2.7030970582673763,2.950870891593054,0.24777383332567782,81585312,33103872,345,9,3,3,local1_fixed_48_merge_1_2,a_affinity_64_bundle_3
case_041,4,1913892,1539197,3.137040648061646,3.9007073168671718,0.7636666688055258,81585312,35284992,345,9,4,4,local1_fixed_48_merge_1_2,a_affinity_64_bundle_4
case_041,5,1963515,1195280,3.0577596809802827,5.023054849073021,1.9652951680927382,81852576,37487616,347,10,5,5,local1_fixed_48_split_239_1,a_affinity_64_bundle_5
case_042,2,948637,849248,1.7780668474875005,1.9861571649270884,0.20809031743958784,20320828,8197648,197,22,2,2,local1_fixed_24_merge_7_8,a_affinity_64_bundle_2
case_042,3,684680,573264,2.4635450137290413,2.9423441904602416,0.4787991767312003,25372100,9058104,592,26,3,3,local1_fixed_8_move_22_0_0,a_affinity_64_bundle_3
case_042,4,548264,438976,3.076510586140983,3.8424424114302376,0.7659318252892544,25388484,9494336,593,32,4,4,local1_fixed_8_split_71_1,a_affinity_64_bundle_4
case_042,5,471300,362820,3.578909399533206,4.648971942009812,1.070062542476606,21652958,10729576,297,38,5,5,local2_fixed_16_split_11_1,a_affinity_64_bundle_5
case_043,2,643065,353689,1.0537908298539027,1.915965721297524,0.8621748914436214,6023896,1084700,25,51,2,2,local1_adaptive_memory_332_merge_5_6,a_affinity_64_bundle_2
case_043,3,676774,268518,1.0013032415547878,2.5236892871241405,1.5223860455693528,1562274,528668,14,56,1,3,local1_fixed_768_split_4_1,a_affinity_64_bundle_3
case_043,4,648761,268677,1.044538743851742,2.522195796439591,1.4776570525878492,6289224,528668,27,56,2,4,local1_adaptive_memory_333_split_19_1,a_affinity_64_bundle_3
case_043,5,639755,269040,1.0592429914576673,2.5187927445732976,1.4595497531156303,5504000,1643804,22,70,2,5,local1_adaptive_memory_412_split_17_2,a_affinity_64_bundle_5
case_044,2,95186,95186,1.6221608219696173,1.6221608219696173,0.0,145536,145536,4,4,1,1,local2_adaptive_critical_220_merge_0_1,local2_adaptive_critical_220_merge_0_1
case_044,3,98606,98442,1.565898626858406,1.5685073444261595,0.0026087175677533825,543424,453024,9,8,1,1,local1_adaptive_reuse_146_merge_7_8,a_refine1_merge_0_1
case_044,4,98585,98259,1.566232185423746,1.5714285714285714,0.005196386004825415,538816,509120,12,11,1,1,local1_adaptive_critical_110_merge_8_9,a_refine1_merge_4_5
case_044,5,100519,99825,1.536097653179996,1.5467768595041322,0.010679206324136326,689696,599296,15,14,1,1,local1_adaptive_reuse_87_merge_6_7,a_refine1_merge_14_15
case_045,2,87624,63059,1.4335570163425546,1.99200748505368,0.5584504687111254,3186688,0,105,2,2,2,local1_fixed_16_split_0_1,a_affinity_64_bundle_2
case_045,3,72100,42601,1.7422191400832177,2.94861622966597,1.2063970895827525,3186688,0,105,3,3,3,local2_fixed_16_split_0_1,a_affinity_64_bundle_3
case_045,4,75462,31878,1.6645994010230314,3.940460505677897,2.275861104654866,3178496,0,104,4,4,4,local1_fixed_16_move_15_2_0,a_affinity_64_bundle_4
case_045,5,83537,26164,1.5036929743706382,4.801024308209754,3.2973313338391153,3133440,0,103,5,5,5,local1_fixed_16_merge_0_1,a_affinity_64_bundle_5
case_046,2,194053,158876,1.4246365683601903,1.7400677257735593,0.315431157413369,7362720,6512800,62,8,2,2,local1_fixed_16_move_1_1_0,a_affinity_64_bundle_0
case_046,3,197115,142176,1.4025061512315147,1.9444561670042764,0.5419500157727617,7395488,4021280,63,3,2,3,local1_fixed_16_split_0_1,a_affinity_64_bundle_3
case_046,4,170438,124612,1.6220267780659243,2.218526305652746,0.5964995275868217,7983264,4513952,125,4,4,4,local2_fixed_8_split_0_1,a_affinity_64_bundle_4
case_046,5,170438,124612,1.6220267780659243,2.218526305652746,0.5964995275868217,7983264,4513952,125,4,4,4,local2_fixed_8_split_0_1,a_affinity_64_bundle_4
case_047,2,322121,321420,1.0136191058639454,1.0158297554601456,0.0022106495962002093,659922,620944,19,18,1,1,local1_fixed_768_split_3_2,a_refine1_merge_1_2
case_047,3,322121,321420,1.0136191058639454,1.0158297554601456,0.0022106495962002093,659922,620944,19,18,1,1,local1_fixed_768_split_3_2,a_refine1_merge_1_2
case_047,4,322121,321420,1.0136191058639454,1.0158297554601456,0.0022106495962002093,659922,620944,19,18,1,1,local1_fixed_768_split_3_2,a_refine1_merge_1_2
case_047,5,322121,321420,1.0136191058639454,1.0158297554601456,0.0022106495962002093,659922,620944,19,18,1,1,local1_fixed_768_split_3_2,a_refine1_merge_1_2
case_048,2,218441,218441,1.0172998658676713,1.0172998658676713,0.0,171090,171090,10,10,1,1,local1_adaptive_critical_192_split_8_2,local1_adaptive_critical_192_split_8_2
case_048,3,218386,191366,1.017556070444076,1.1612303125947139,0.14367424215063784,315066,3320606,11,1245,1,3,local2_adaptive_reuse_186_split_6_1,a_chains_8
case_048,4,221008,172737,1.0054839643813798,1.286464393847294,0.28098042946591417,1157880,3320606,44,1245,1,4,local1_adaptive_reuse_40_merge_5_6,a_chains_8
case_048,5,193700,174566,1.1472379969024264,1.2729855756561987,0.1257475787537723,4219390,3320606,1727,1245,5,5,local1_fixed_1_merge_920_921,a_chains_8
case_049,2,196384,160206,0.9994500570311227,1.2251476224361135,0.22569756540499086,175758,0,4,11,1,2,local2_fixed_768_merge_3_4,a_affinity_64_bundle_0
case_049,3,196636,160206,0.9981692060456885,1.2251476224361135,0.22697841639042504,317336,0,6,2,1,2,local2_fixed_768_split_1_2,a_affinity_64_bundle_2
case_049,4,196636,160224,0.9981692060456885,1.2250099860195727,0.2268407799738842,317336,0,6,3,1,3,local2_fixed_768_split_1_2,a_affinity_64_bundle_3
case_049,5,196636,160242,0.9981692060456885,1.2248723805244568,0.2267031744787683,317336,0,6,4,1,4,local2_fixed_768_split_1_2,a_affinity_64_bundle_4
case_050,2,149507,108121,1.001224022955447,1.3844674022622803,0.3832433793068333,240956,38016,8,23,1,2,local2_fixed_768_split_2_1,components_total
case_050,3,148248,108134,1.0097269440397172,1.384300959920099,0.37457401588038186,599630,38016,7,23,1,3,local1_adaptive_memory_488_merge_0_1,components_total
case_050,4,149507,108147,1.001224022955447,1.384134557592906,0.38291053463745905,240956,38016,8,23,1,4,local2_fixed_768_split_2_1,components_total
case_050,5,149507,108160,1.001224022955447,1.3839681952662721,0.38274417231082514,240956,38016,8,23,1,5,local2_fixed_768_split_2_1,components_total
case_051,2,607628,357955,1.0,1.6974982888910617,0.6974982888910617,0,9045258,1,72,1,2,local1_fixed_768_merge_0_1,a_affinity_64_bundle_2
case_051,3,607628,291222,1.0,2.086476983194951,1.086476983194951,0,9045304,1,96,1,3,local1_fixed_768_merge_0_1,a_affinity_64_bundle_3
case_051,4,607628,254308,1.0,2.389338911870645,1.3893389118706452,0,9045350,1,120,1,4,local1_fixed_768_merge_0_1,a_affinity_64_bundle_4
case_051,5,607628,253856,1.0,2.3935932182024455,1.3935932182024455,0,9045396,1,144,1,5,local1_fixed_768_merge_0_1,a_affinity_64_bundle_5
case_052,2,118900,90903,1.5164087468460892,1.9834438907406797,0.46703514389459055,3081610,102912,13,2,2,2,local1_adaptive_reuse_72_merge_9_10,a_affinity_64_bundle_2
case_052,3,111876,61071,1.611614644785298,2.952317794042999,1.3407031492577013,2822932,181248,127,3,3,3,local2_fixed_8_split_73_1,a_affinity_64_bundle_3
case_052,4,96848,45610,1.8616904840574922,3.9531023898267925,2.0914119057693004,2804500,254976,126,4,4,4,local1_fixed_8_move_87_1_0,a_affinity_64_bundle_4
case_052,5,95856,37387,1.8809568519445836,4.822558643378715,2.941601791434131,2804500,328704,126,5,5,5,local1_fixed_8_move_87_1_0,a_affinity_64_bundle_5
case_053,2,817566,731495,1.801305338039987,2.0132550461725645,0.2119497081325774,9989124,9989124,61,61,2,2,local1_fixed_192_move_5_0_0,a_refine1_move_2_0_6
case_053,3,628059,542159,2.344821107571104,2.7163359826176454,0.37151487504654135,9989124,5803072,61,3,3,3,local1_fixed_192_move_4_1_0,a_affinity_64_bundle_3
case_053,4,634341,492232,2.32159989658559,2.991853434965626,0.6702535383800359,9989124,6360992,61,4,4,4,local1_fixed_192_move_2_2_0,a_affinity_64_bundle_4
case_053,5,644191,492232,2.2861014823243417,2.991853434965626,0.7057519526412843,16625450,6360992,244,4,5,4,local1_fixed_48_move_36_4_0,a_affinity_64_bundle_4
case_054,2,809333,517960,1.0070650770449245,1.5735790408525754,0.5665139638076508,829954,49152,12,2,1,2,local1_fixed_1536_split_4_1,a_affinity_64_bundle_2
case_054,3,809333,517960,1.0070650770449245,1.5735790408525754,0.5665139638076508,829954,49152,12,2,1,2,local1_fixed_1536_split_4_1,a_affinity_64_bundle_2
case_054,4,809333,517986,1.0070650770449245,1.573500055986069,0.5664349789411445,829954,98304,12,3,1,3,local1_fixed_1536_split_4_1,a_affinity_64_bundle_3
case_054,5,809333,518015,1.0070650770449245,1.5734119668349371,0.5663468897900126,829954,147456,12,4,1,4,local1_fixed_1536_split_4_1,a_affinity_64_bundle_4
case_055,2,88012,64461,1.350213607235377,1.8435177859480927,0.4933041787127157,1569722,156242,77,14,2,2,local1_fixed_16_merge_0_1,a_affinity_64_bundle_2
case_055,3,85195,45305,1.3948588532190855,2.6229996689107162,1.2281408156916307,1569722,214104,77,19,3,3,local1_fixed_16_merge_0_1,a_affinity_64_bundle_3
case_055,4,83685,38408,1.4200274840174463,3.094016871485107,1.6739893874676608,2193810,271966,154,24,4,4,local1_fixed_8_merge_68_69,a_affinity_64_bundle_4
case_055,5,82783,30298,1.435500042279212,3.922206086210311,2.486706043931099,2192274,271966,154,24,5,5,local1_fixed_8_merge_0_3,a_affinity_64_bundle_4
case_056,2,275117,265710,1.0078802836611334,1.0435625305784502,0.03568224691731681,217400,0,5,19,1,2,local2_fixed_1536_split_0_1,a_affinity_64_bundle_0
case_056,3,275404,265710,1.0068299661588067,1.0435625305784502,0.036732564419643454,164498,0,4,2,1,2,local1_fixed_1536_merge_0_1,a_affinity_64_bundle_2
case_056,4,275404,265728,1.0068299661588067,1.0434918412813101,0.03666187512250341,164498,0,4,3,1,3,local1_fixed_1536_merge_0_1,a_affinity_64_bundle_3
case_056,5,275404,265746,1.0068299661588067,1.0434211615602869,0.03659119540148015,164498,0,4,4,1,4,local1_fixed_1536_merge_0_1,a_affinity_64_bundle_4
case_057,2,57084,30183,1.0462826711512858,1.9787960109995693,0.9325133398482834,1127964,22304,8,2,2,2,local1_adaptive_memory_96_merge_5_6,a_affinity_64_bundle_2
case_057,3,58207,20705,1.0260965176009758,2.884617242212026,1.8585207246110502,1911682,14112,30,3,3,3,local1_adaptive_memory_27_merge_27_30,a_affinity_64_bundle_3
case_057,4,59363,16485,1.006114920068056,3.6230512587200487,2.6169363386519926,323742,28224,3,4,1,4,local2_fixed_384_split_1_2,a_affinity_64_bundle_4
case_057,5,59363,14028,1.006114920068056,4.257627601938979,3.2515126818709232,323742,14112,3,5,1,5,local2_fixed_384_split_1_2,a_affinity_64_bundle_5
case_058,2,2842183,2233461,1.5972641452010654,2.032592912972288,0.43532876777122276,143687680,36298752,345,10,2,2,local1_fixed_48_merge_0_1,a_affinity_64_bundle_2
case_058,3,2556909,1499428,1.7754706952809036,3.0276325372075217,1.252161841926618,144089088,32858112,346,9,3,3,local1_fixed_48_move_0_2_0,a_affinity_64_bundle_3
case_058,4,2804920,1172561,1.618483593114955,3.871625442087874,2.253141848972919,143687680,45473792,345,12,4,4,local1_fixed_48_merge_0_1,a_affinity_64_bundle_4
case_058,5,2637591,1130935,1.7211603315297936,4.0141272486924535,2.29296691716266,143687680,34009088,345,10,5,5,local1_fixed_48_merge_0_1,a_affinity_64_bundle_5
case_059,2,401731,369318,2.0647473060331416,2.2459587672412393,0.18121146120809772,9617408,360448,171,2,2,2,local1_fixed_16_merge_0_1,a_affinity_64_bundle_2
case_059,3,295993,266217,2.8023399202008155,3.1157777301975456,0.3134378099967301,8953856,2998272,116,3,3,3,local2_fixed_24_split_0_1,a_affinity_64_bundle_3
case_059,4,216944,185216,3.8234429161442582,4.478408992743607,0.654966076599349,9650176,1081344,173,4,4,4,local2_fixed_16_split_0_2,a_affinity_64_bundle_4
case_059,5,216944,150782,3.8234429161442582,5.501140719714555,1.6776978035702967,9650176,4325376,173,5,4,5,local2_fixed_16_split_0_2,a_affinity_64_bundle_5
case_060,2,559996,463887,1.5871345509610784,1.915960136843671,0.3288255858825926,17794094,3675408,112,135,2,2,local1_fixed_48_split_33_1,a_affinity_64_bundle_2
case_060,3,563566,310745,1.5770805903833802,2.860187613638192,1.2831070232548119,17781806,4645024,111,148,3,3,fixed_48,a_affinity_64_bundle_3
case_060,4,563566,241329,1.5770805903833802,3.6828934773690687,2.1058128869856887,17781806,5183780,111,160,4,4,fixed_48,a_affinity_64_bundle_4
case_060,5,563566,196099,1.5770805903833802,4.532348456646898,2.955267866263518,17781806,5691684,111,171,4,5,fixed_48,a_affinity_64_bundle_5
case_061,2,76942,42478,1.003236203893842,1.817199491501483,0.813963287607641,1051200,34560,19,2,2,2,local1_adaptive_memory_52_merge_17_18,a_affinity_64_bundle_2
case_061,3,52538,30303,1.4692413110510487,2.5473055473055473,1.0780642362544985,843322,36096,69,3,3,3,local1_fixed_16_merge_3_4,a_affinity_64_bundle_3
case_061,4,49039,24024,1.574073696445686,3.213078588078588,1.6390048916329019,843322,70656,69,4,4,4,local1_fixed_16_merge_6_7,a_affinity_64_bundle_4
case_061,5,43318,22283,1.7819613093863982,3.46412063007674,1.6821593206903418,843322,82944,69,5,5,5,local1_fixed_16_merge_0_1,a_affinity_64_bundle_5
case_062,2,1549192,1534068,1.8427728777323922,1.8609403233754958,0.018167445643103575,11037696,9698304,25,24,2,2,local1_fixed_768_merge_0_2,a_refine1_merge_24_25
case_062,3,1065193,1050069,2.6800861440133383,2.7186870577076365,0.03860091369429819,11037696,9698304,25,24,3,3,local1_fixed_768_merge_0_3,a_refine1_merge_24_25
case_062,4,856235,838845,3.3341419119751,3.403261627595086,0.06911971561998609,12220416,11200512,51,50,4,4,local1_fixed_384_merge_0_4,a_refine1_merge_48_49
case_062,5,714795,697924,3.9938849600235033,4.090429616978353,0.09654465695484982,12220416,11200512,52,51,5,5,local1_fixed_384_move_0_3_0,a_refine1_merge_48_49
case_063,2,583695,583430,1.8338293115411302,1.834662255969011,0.000832944427880733,3836928,3836928,19,18,2,2,local1_fixed_384_merge_0_2,a_refine1_merge_0_4
case_063,3,407408,397832,2.6273342693319717,2.690575418769732,0.06324114943776049,4426752,3836928,38,37,3,3,local1_fixed_192_merge_0_3,a_refine1_merge_36_37
case_063,4,315863,306287,3.3888014740567907,3.494751654493988,0.10595018043719717,4426752,3836928,38,37,4,4,local1_fixed_192_merge_0_4,a_refine1_merge_36_37
case_063,5,263180,253604,4.06716695797553,4.220741786407155,0.1535748284316245,4426752,3836928,38,37,5,5,local1_fixed_192_merge_0_5,a_refine1_merge_36_37
case_064,2,18992,18871,1.0065290648694187,1.0129828837899422,0.006453818920523435,33648,24432,4,4,1,1,local2_fixed_768_split_0_2,a_refine2_split_2_1
case_064,3,18992,18926,1.0065290648694187,1.0100390996512734,0.003510034781854632,33648,16492,4,3,1,1,local2_fixed_768_split_0_2,a_refine1_merge_2_1
case_064,4,18992,18926,1.0065290648694187,1.0100390996512734,0.003510034781854632,33648,16492,4,3,1,1,local2_fixed_768_split_0_2,a_refine1_merge_2_1
case_064,5,18992,18926,1.0065290648694187,1.0100390996512734,0.003510034781854632,33648,16492,4,3,1,1,local2_fixed_768_split_0_2,a_refine1_merge_2_1
case_065,2,33410,26610,1.5883867105656988,1.9942878617061255,0.4059011511404267,43266,13968,5,2,2,2,local1_fixed_192_split_1_2,a_affinity_64_bundle_2
case_065,3,23513,18032,2.256964232552205,2.9429902395740903,0.6860260070218853,423040,27936,30,3,3,3,local1_fixed_24_move_1_2_0,a_affinity_64_bundle_3
case_065,4,19530,13541,2.7172555043522784,3.9190606306772025,1.201805126324924,423040,41904,30,4,4,4,local1_fixed_24_move_0_2_0,a_affinity_64_bundle_4
case_065,5,19376,11396,2.7388521882741537,4.656721656721657,1.917869468447503,414834,55872,29,5,5,5,local1_fixed_24_merge_14_15,a_affinity_64_bundle_5
case_066,2,353710,248092,1.0151536569506092,1.4473259919707206,0.43217233502011143,582452,1604052,9,224,1,2,local1_fixed_768_split_6_1,a_affinity_4096_bundle_2
case_066,3,353710,235631,1.0151536569506092,1.5238657052764704,0.5087120483258611,582452,1612740,9,227,1,3,local1_fixed_768_split_6_1,a_affinity_4096_bundle_3
case_066,4,354212,248396,1.0137149503687057,1.4455546788193046,0.4318397284505988,1934328,91200,14,28,1,4,local1_adaptive_reuse_479_split_3_1,a_affinity_64_bundle_0
case_066,5,351903,248521,1.02036640778851,1.4448276000820857,0.4244611922935757,2567914,91200,17,28,1,5,local1_adaptive_critical_384_split_3_2,a_affinity_64_bundle_0
case_067,2,32475737,32475019,1.9656161767783746,1.96565963517989,4.3458401515428235e-05,268331264,268243840,183,182,2,2,local1_fixed_48_merge_0_1,a_refine1_merge_0_2
case_067,3,22084416,21931301,2.890492281978387,2.9106724676297135,0.02018018565132662,268343552,268278016,184,183,3,3,local1_fixed_48_move_0_2_0,a_refine1_merge_105_106
case_067,4,18611772,17526997,3.4298095850303776,3.6420862056403616,0.21227662060998398,307260672,316494080,2201,3479,4,4,local1_fixed_4_move_0_1_0,a_chains_8
case_067,5,16710152,14401158,3.8201228809887544,4.432618126958957,0.6124952459702024,275648768,316494080,551,3479,5,5,local1_fixed_16_move_11_3_0,a_chains_8
case_068,2,357965,301006,1.0115374408112525,1.2029494428682486,0.19141200205699604,1861032,1172364,15,217,1,2,local1_adaptive_critical_383_split_5_2,a_affinity_4096_bundle_2
case_068,3,358980,302545,1.0086773636414286,1.1968302236031003,0.18815285996167175,1446404,8,12,6,1,3,local1_adaptive_reuse_512_split_4_1,a_affinity_64_bundle_2
case_068,4,355455,303225,1.018680283017541,1.19414626102729,0.17546597800974895,3876088,5184,45,32,1,4,adaptive_reuse_124,components_pipe
case_068,5,347819,303362,1.0410443362783517,1.193606977802098,0.1525626415237462,2701068,5192,35,34,2,5,local1_adaptive_memory_153_split_24_1,a_affinity_64_bundle_0
case_069,2,24766,24376,1.0152628603730922,1.0315063997374467,0.01624353936435452,297810,272944,10,9,2,2,local1_fixed_96_merge_4_5,a_refine1_merge_7_8
case_069,3,24766,24376,1.0152628603730922,1.0315063997374467,0.01624353936435452,297810,272944,10,9,2,2,local1_fixed_96_merge_4_5,a_refine1_merge_7_8
case_069,4,24766,24376,1.0152628603730922,1.0315063997374467,0.01624353936435452,297810,272944,10,9,2,2,local1_fixed_96_merge_4_5,a_refine1_merge_7_8
case_069,5,24766,24376,1.0152628603730922,1.0315063997374467,0.01624353936435452,297810,272944,10,9,2,2,local1_fixed_96_merge_4_5,a_refine1_merge_7_8
case_070,2,91878,60121,1.276693005942663,1.9510653515410588,0.6743723455983957,2010294,129536,148,2,2,2,local1_fixed_8_merge_0_1,a_affinity_64_bundle_2
case_070,3,73591,39333,1.5939449117419249,2.9822286629547707,1.3882837512128459,2010294,259072,148,3,3,3,local1_fixed_8_merge_7_8,a_affinity_64_bundle_3
case_070,4,66351,31225,1.767870868562644,3.756605284227382,1.988734415664738,2010294,360960,148,4,4,4,local1_fixed_8_merge_7_8,a_affinity_64_bundle_4
case_070,5,67292,26275,1.7431492599417464,4.464319695528069,2.7211704355863224,2010294,449024,148,5,5,5,local1_fixed_8_merge_7_8,a_affinity_64_bundle_5
case_071,2,18765,18765,1.008206767918998,1.008206767918998,0.0,58468,58468,2,2,1,1,local1_fixed_741_split_0_2,local1_fixed_741_split_0_2
case_071,3,18765,18765,1.008206767918998,1.008206767918998,0.0,58468,58468,2,2,1,1,local1_fixed_741_split_0_2,local1_fixed_741_split_0_2
case_071,4,18765,18765,1.008206767918998,1.008206767918998,0.0,58468,58468,2,2,1,1,local1_fixed_741_split_0_2,local1_fixed_741_split_0_2
case_071,5,18765,18765,1.008206767918998,1.008206767918998,0.0,58468,58468,2,2,1,1,local1_fixed_741_split_0_2,local1_fixed_741_split_0_2
case_072,2,12135926,11772092,1.9691804317198374,2.030040879734885,0.06086044801504764,266872712,175833776,618,476,2,2,local1_fixed_48_merge_8_9,a_affinity_64_bundle_0
case_072,3,8245488,7900998,2.898291526226222,3.0246594164433405,0.12636789021711836,267306888,175833776,619,476,3,3,local1_fixed_48_move_34_1_0,a_affinity_64_bundle_0
case_072,4,6291936,5960302,3.798167686384604,4.009499518648552,0.21133183226394747,120475016,175833776,79,476,4,4,local1_fixed_384_split_8_1,a_affinity_64_bundle_0
case_072,5,5411881,4816984,4.415808108123589,4.961159929117473,0.5453518209938837,267306888,175833776,619,476,5,5,local1_fixed_48_move_66_3_0,a_affinity_64_bundle_0
case_073,2,5625572,5624748,1.7921068293144236,1.7923693648142103,0.0002625354997867202,143505152,143488768,303,302,2,2,local1_fixed_16_move_11_1_0,a_refine1_merge_193_194
case_073,3,4357398,4056185,2.313680320227806,2.4854946211772884,0.17181430094948258,142488832,142488832,101,101,3,3,local1_fixed_48_move_3_1_0,a_refine1_move_5_2_0
case_073,4,3777105,3504812,2.6691410485014315,2.8765097814091027,0.20736873290767122,144973568,144973568,606,606,4,4,local2_fixed_8_split_0_1,a_refine1_move_42_3_0
case_073,5,3552693,3305399,2.8377419608167664,3.050048118245331,0.21230615742856473,143506176,143489792,304,303,5,5,local2_fixed_16_split_11_1,a_refine1_merge_38_39
case_074,2,989215,859741,1.7005797526321376,1.9566811400177495,0.25610138738561194,22528826,7496346,451,82,2,2,local1_fixed_8_merge_0_1,a_affinity_64_bundle_2
case_074,3,677117,578393,2.4844140672882236,2.908470538198076,0.42405647090985266,19104376,9216680,226,95,3,3,local1_fixed_16_move_7_0_0,a_affinity_64_bundle_3
case_074,4,619731,438898,2.7144664378577157,3.832870051811583,1.1184036139538671,19104376,9237166,226,106,4,4,local1_fixed_16_move_12_3_0,a_affinity_64_bundle_4
case_074,5,556647,366949,3.0220929960998624,4.584394561642081,1.5623015655422186,19219064,15557336,227,233,5,5,local2_fixed_16_split_0_1,a_affinity_64_bundle_0
case_075,2,1358850,1357733,1.0610508886190528,1.0619238097623023,0.0008729211432494388,16832206,16799438,1854,1853,2,2,local1_fixed_4_split_179_2,a_refine1_merge_910_911
case_075,3,1288773,1099067,1.1187455044449255,1.311848140286261,0.19310263584133547,16832206,21133422,1854,5480,3,3,local1_fixed_4_split_179_2,a_chains_8
case_075,4,1216451,874977,1.1852585924135046,1.6478250285436074,0.46256643613010273,26296718,21133422,7409,5480,4,4,local1_fixed_1_merge_1400_1401,a_chains_8
case_075,5,1080666,711096,1.334185585555574,2.02758699247359,0.6934014069180159,26296718,21133422,7409,5480,5,5,local1_fixed_1_merge_1457_1458,a_chains_8
case_076,2,4052690,3065465,1.5261747135852977,2.01767529559137,0.4915005820060725,177554620,32191488,2033,18,2,2,local1_fixed_16_move_704_1_0,a_affinity_64_bundle_2
case_076,3,3222796,2063432,1.91917608188666,2.9974881653478285,1.0783120834611686,177554620,36920320,2033,18,3,3,local1_fixed_16_move_704_1_0,a_affinity_64_bundle_3
case_076,4,3136399,1534042,1.9720427789959123,4.031905906096443,2.059863127100531,177554620,38413312,2033,18,4,4,local1_fixed_16_move_708_1_0,a_affinity_64_bundle_4
case_076,5,3179793,1245872,1.9451307050490394,4.964485115645909,3.0193544105968693,177554620,39716864,2033,20,5,5,local1_fixed_16_move_779_3_0,a_affinity_64_bundle_5
case_077,2,307998,248734,1.6081922609887078,1.9913642686564763,0.3831720076677685,3346662,57344,17,3,2,2,local1_adaptive_memory_208_merge_8_9,a_affinity_64_bundle_2
case_077,3,435292,168976,1.1379028330408094,2.9313038538017233,1.793401020760914,10328248,114688,1123,4,3,3,local1_fixed_4_split_1021_1,a_affinity_64_bundle_3
case_077,4,265142,127832,1.8681310392167216,3.8747731397459164,2.006642100529195,5303784,114688,37,5,3,4,local2_adaptive_memory_104_split_32_1,a_affinity_64_bundle_4
case_077,5,319710,115617,1.5492790341246754,4.284145065172077,2.734866031047402,6150956,172032,46,5,3,5,local2_adaptive_memory_83_split_40_1,a_affinity_64_bundle_5
case_078,2,1122919,1080972,2.044798422682313,2.1241466013920807,0.07934817870976785,16157568,15039360,66,8,2,2,local2_fixed_16_split_1_1,a_affinity_64_bundle_0
case_078,3,829390,817424,2.768472009549187,2.808998757070994,0.04052674752180696,15064584,14934792,11,10,3,3,local2_fixed_96_split_0_1,a_refine1_merge_5_6
case_078,4,669007,619540,3.4321658816723892,3.706206217516222,0.2740403358438326,16059264,15039360,63,8,4,4,local1_fixed_16_merge_0_1,a_affinity_64_bundle_0
case_078,5,657063,620100,3.4945553166134755,3.7028592162554426,0.20830389964196705,16132992,15039360,65,8,5,5,local2_fixed_16_split_0_1,a_affinity_64_bundle_0
case_079,2,15346109,14893820,2.0234608655523036,2.0849084385335663,0.06144757298126269,251308032,91508736,389,288,2,2,local1_fixed_48_merge_0_1,a_affinity_64_bundle_0
case_079,3,10397163,9965372,2.986608077607324,3.116015237564639,0.129407159957315,251940864,91508736,390,288,3,3,local1_fixed_48_move_0_1_0,a_affinity_64_bundle_0
case_079,4,9208237,7501148,3.372225432512217,4.1396664883828445,0.7674410558706275,380805120,91508736,1169,288,4,4,local1_fixed_16_merge_0_9,a_affinity_64_bundle_0
case_079,5,7857722,6063684,3.9518133881549895,5.121020653450938,1.1692072652959489,380743680,91508736,1169,288,5,5,local1_fixed_16_merge_45_61,a_affinity_64_bundle_0
case_080,2,212151,145926,1.3770286258372575,2.0019598974822856,0.6249312716450282,7827456,2191360,11,2,2,2,local2_adaptive_critical_122_split_1_2,a_affinity_64_bundle_2
case_080,3,177497,100325,1.645875704941492,2.9119162721156244,1.2660405671741324,7741440,3047424,10,3,3,3,local1_adaptive_critical_119_merge_8_9,a_affinity_64_bundle_3
case_080,4,198259,100325,1.4735169651819084,2.9119162721156244,1.438399306933716,9379840,3047424,14,3,4,3,local2_adaptive_critical_90_split_3_2,a_affinity_64_bundle_3
case_080,5,209056,111314,1.3974150466860553,2.6244497547478303,1.227034708061775,10248192,4190208,17,4,5,4,local1_adaptive_critical_72_merge_0_5,a_affinity_64_bundle_4
case_081,2,92252,76860,1.6454385812773706,1.9749544626593807,0.32951588138201005,711284,0,72,2,2,2,local1_fixed_48_merge_4_5,a_affinity_64_bundle_2
case_081,3,80173,51943,1.8933431454479688,2.9223379473653814,1.0289948019174127,1436850,0,146,3,3,3,local1_fixed_24_move_1_1_0,a_affinity_64_bundle_3
case_081,4,60466,39588,2.5104190784903913,3.834369000707285,1.3239499222168938,1445048,0,147,4,4,4,local2_fixed_24_split_1_1,a_affinity_64_bundle_4
case_081,5,60466,30943,2.5104190784903913,4.905632937982743,2.3952138594923515,1445048,0,147,5,4,5,local2_fixed_24_split_1_1,a_affinity_64_bundle_5
case_082,2,708113,707190,1.018256973110224,1.0195859669961396,0.0013289938859155637,1247398,1127460,13,12,1,1,local2_fixed_384_split_7_1,a_refine1_merge_12_8
case_082,3,627783,565989,1.1485513306349486,1.27394878699056,0.12539745635561128,9529624,11400996,1028,3043,3,3,local1_fixed_4_merge_660_661,a_chains_8
case_082,4,595266,594155,1.211292094626604,1.2135570684417365,0.002264973815132576,9529624,9496856,1028,1027,4,4,local1_fixed_4_merge_660_661,a_refine1_merge_336_337
case_082,5,576738,576011,1.250205465913465,1.2517833860811687,0.0015779201677037502,9529624,9496856,1028,1027,5,5,local1_fixed_4_merge_998_999,a_refine1_merge_674_675
case_083,2,678451,624895,1.559424335729478,1.693073236303699,0.13364890057422119,29626176,27912000,81,31,2,2,local1_fixed_48_move_0_1_0,a_affinity_64_bundle_0
case_083,3,556266,512623,1.901955179716179,2.0638812538649263,0.16192607414874738,29642560,14842752,82,3,3,3,local2_fixed_48_split_0_1,a_affinity_64_bundle_3
case_083,4,610371,450029,1.7333605299072203,2.350944050272316,0.6175835203650955,31232832,14977600,242,4,4,4,local2_fixed_16_split_11_1,a_affinity_64_bundle_4
case_083,5,569149,442480,1.8589033803099013,2.3910527029470257,0.5321493226371243,30417728,15058048,160,5,5,5,local1_fixed_24_merge_0_1,a_affinity_64_bundle_5
case_084,2,1277174,1255829,1.9632501131404179,1.996618966435717,0.03336885329529915,29860800,0,26,6,2,2,local1_adaptive_reuse_332_split_0_1,a_affinity_64_bundle_2
case_084,3,844301,843394,2.969808160833636,2.973001942152778,0.0031937813191418307,0,0,46,45,3,3,local1_fixed_192_split_2_1,a_refine1_merge_0_3
case_084,4,654553,647968,3.830724173596332,3.8696540569904685,0.0389298833941365,0,0,181,180,4,4,local1_fixed_48_split_3_1,a_refine1_merge_0_4
case_084,5,509368,503472,4.922594273688178,4.98024120507198,0.05764693138380217,0,0,46,5,5,5,local1_fixed_192_split_4_1,a_affinity_64_bundle_5
case_085,2,3126586,3125140,1.0196102074275264,1.0200819803272814,0.00047177289975497416,9025658,8949752,104,103,2,2,local1_fixed_192_split_22_1,a_refine1_merge_5_6
case_085,3,2756013,2615433,1.1567068079867548,1.218880009543353,0.06217320155659811,46232196,53855140,4934,14679,3,3,local1_fixed_4_merge_523_524,a_chains_8
case_085,4,2598766,2239926,1.2266972093678308,1.423216213392764,0.19651900402493316,46232196,53855140,4934,14679,4,4,local1_fixed_4_merge_1610_1611,a_chains_8
case_085,5,2443670,1914860,1.3045538063650166,1.6648209268562715,0.36026712049125487,67838020,53855140,19737,14679,5,5,local1_fixed_1_swap_0_1,a_chains_8
case_086,2,114156,113780,1.0372034759451978,1.0406310423624539,0.003427566417256056,376952,339222,6,5,1,1,local2_fixed_1536_split_2_1,a_refine1_merge_1_2
case_086,3,114521,114521,1.03389771308319,1.03389771308319,0.0,344118,344118,5,5,1,1,local1_fixed_1536_split_2_1,local1_fixed_1536_split_2_1
case_086,4,114521,114521,1.03389771308319,1.03389771308319,0.0,344118,344118,5,5,1,1,local1_fixed_1536_split_2_1,local1_fixed_1536_split_2_1
case_086,5,114521,114521,1.03389771308319,1.03389771308319,0.0,344118,344118,5,5,1,1,local1_fixed_1536_split_2_1,local1_fixed_1536_split_2_1
case_087,2,2459286,2038849,1.6159450344530892,1.9491737740264237,0.33322873957333443,22299062,12984746,143,245,2,2,local1_fixed_192_merge_45_46,a_affinity_4096_bundle_2
case_087,3,2459286,1365116,1.6159450344530892,2.9111599307311615,1.2952148962780723,22299062,11404800,143,6,2,3,local1_fixed_192_merge_45_46,a_affinity_64_bundle_3
case_087,4,2109363,1038811,1.8840147475801936,3.825595801353663,1.9415810537734692,36270310,25367040,576,196,4,4,local1_fixed_48_split_184_2,a_affinity_64_bundle_0
case_087,5,1931455,833349,2.0575529846669998,4.768795546643723,2.7112425619767233,36215014,12487680,575,7,5,5,fixed_48,a_affinity_64_bundle_5
case_088,2,238233,200725,1.022624909227521,1.213715282102379,0.19109037287485786,948442,860292,34,93,2,2,local1_fixed_96_merge_29_30,a_affinity_4096_bundle_2
case_088,3,206677,202290,1.1787620296404535,1.2043254733303672,0.0255634436899137,1345222,0,14,2,2,2,local2_adaptive_memory_244_split_13_1,a_affinity_64_bundle_2
case_088,4,226231,202428,1.0768771742157353,1.2035044559053096,0.12662728168957438,2351580,73728,29,3,2,3,adaptive_reuse_119,a_affinity_64_bundle_3
case_088,5,219082,202618,1.1120174181356752,1.2023758994758609,0.09035848134018565,7222502,221184,1654,31,5,5,local1_fixed_2_merge_678_679,a_affinity_64_bundle_0
case_089,2,366435,347224,1.8914459590377557,1.9960947399949311,0.10464878095717545,3342080,716160,15,4,2,2,local1_fixed_384_split_1_1,a_affinity_64_bundle_2
case_089,3,264254,243614,2.622825009271383,2.8450417463692563,0.22221673709787337,3342080,477440,15,3,3,3,local1_fixed_384_split_1_1,a_affinity_64_bundle_3
case_089,4,212731,178160,3.258067700523196,3.8902784014369107,0.6322107009137148,716160,716160,4,4,4,4,fixed_1536,a_affinity_64_bundle_4
case_089,5,178293,147432,3.887376397278637,4.701096098540344,0.8137197012617068,3342080,954880,15,5,5,5,local1_fixed_384_split_3_1,a_affinity_64_bundle_5
case_090,2,599563,593676,1.9653697776547252,1.9848587445003671,0.019488966845641942,23130384,22945656,11,10,2,2,local2_fixed_192_split_4_2,a_refine1_merge_2_3
case_090,3,515214,488759,2.287133113618807,2.410928494411356,0.12379538079254893,22786968,22602240,10,9,3,3,local2_fixed_192_split_0_2,a_refine1_merge_2_3
case_090,4,460594,459566,2.558355080613295,2.564077847360336,0.005722766747040975,23299608,23114232,11,10,4,4,local2_fixed_192_split_3_1,a_refine1_merge_2_3
case_090,5,467744,456367,2.519247708148047,2.582051287669792,0.06280357952174498,22786968,22602240,10,9,5,5,local2_fixed_192_split_0_2,a_refine1_merge_2_3
case_091,2,5630649,4582522,1.6315648515828283,2.004740839214738,0.37317598763190984,245163130,61883872,1973,16,2,2,local1_fixed_16_move_64_0_0,a_affinity_64_bundle_2
case_091,3,4476896,3106295,2.0520398508252145,2.9574683022700676,0.9054284514448532,245163130,111883264,1973,513,3,3,local1_fixed_16_move_50_1_0,a_affinity_64_bundle_0
case_091,4,4313434,2345612,2.1298040030286773,3.9165765693558865,1.7867725663272092,245163130,73112736,1973,16,4,4,local1_fixed_16_move_110_3_0,a_affinity_64_bundle_4
case_091,5,4109011,2015028,2.2357615981071843,4.559127218083322,2.323365619976138,228975432,111883264,70,513,5,5,local1_adaptive_reuse_512_merge_10_15,a_affinity_64_bundle_0
case_092,2,3089715,2772068,1.5585754673165648,1.7371702281473616,0.17859476083079673,104386336,68736608,93,10,2,2,local1_fixed_192_split_0_1,a_affinity_64_bundle_2
case_092,3,2029708,2009146,2.3725353597660352,2.3968163587912477,0.024280999025212413,104132672,103665760,92,91,3,3,local1_fixed_192_move_0_2_0,a_refine1_merge_31_32
case_092,4,2029708,1819395,2.3725353597660352,2.646788630286441,0.27425327052040593,104132672,69603360,92,12,3,4,local1_fixed_192_move_0_2_0,a_affinity_64_bundle_4
case_092,5,2189710,1697048,2.1991743198871085,2.8376062433119156,0.638431923424807,104533216,69092320,93,10,3,5,local1_fixed_192_split_0_2,a_affinity_64_bundle_5
case_093,2,39236,37827,1.8912478336221836,1.9616940280751844,0.07044619445300082,32768,8192,5,2,2,2,local1_fixed_96_merge_0_2,a_affinity_64_bundle_2
case_093,3,26140,25103,2.838752869166029,2.956021192686133,0.11726832352010419,16384,16384,3,3,3,3,fixed_192,a_affinity_64_bundle_3
case_093,4,20943,19779,3.5431886549204985,3.751706355225239,0.20851770030474048,98304,24576,13,4,4,4,local1_fixed_48_split_3_2,a_affinity_64_bundle_4
case_093,5,19605,15876,3.7850038255547056,4.674036281179139,0.8890324556244331,172032,32768,22,5,5,5,local1_fixed_24_merge_0_5,a_affinity_64_bundle_5
case_094,2,61893,48073,1.5331620700240738,1.9739146714371893,0.44075260141311556,1221388,106272,8,2,2,2,local2_adaptive_memory_72_split_3_1,a_affinity_64_bundle_2
case_094,3,61893,32222,1.5331620700240738,2.9449444478927442,1.4117823778686704,1221388,212544,8,3,2,3,local2_adaptive_memory_72_split_3_1,a_affinity_64_bundle_3
case_094,4,61893,24640,1.5331620700240738,3.8511363636363636,2.3179742936122896,1221388,318528,8,4,2,4,local2_adaptive_memory_72_split_3_1,a_affinity_64_bundle_4
case_094,5,61893,21573,1.5331620700240738,4.3986464562184215,2.865484386194348,1221388,424800,8,5,2,5,local2_adaptive_memory_72_split_3_1,a_affinity_64_bundle_5
case_095,2,1063685,1042890,1.960028579889723,1.9991111238960964,0.03908254400637334,0,0,38,2,2,2,local1_fixed_96_merge_0_2,a_affinity_64_bundle_2
case_095,3,713364,695775,2.922565478493448,2.9964471273040854,0.0738816488106373,0,0,40,3,3,3,local1_fixed_96_split_2_1,a_affinity_64_bundle_3
case_095,4,546819,524422,3.8126930483395784,3.9755254356224565,0.16283238728287808,0,0,21,4,4,4,local1_fixed_192_split_3_1,a_affinity_64_bundle_4
case_095,5,434594,420852,4.797242943989103,4.953886401870491,0.15664345788138867,0,0,5,5,5,5,fixed_768,a_affinity_64_bundle_5
case_096,2,66921,44010,1.2581103091705146,1.9130652124517156,0.654954903281201,1599438,67392,149,2,2,2,local1_fixed_8_merge_27_28,a_affinity_64_bundle_2
case_096,3,60072,30318,1.4015514715674524,2.777030147107329,1.3754786755398765,1667790,79488,150,3,3,3,local1_fixed_8_move_26_1_0,a_affinity_64_bundle_3
case_096,4,57062,26984,1.4754828081735656,3.120145271271865,1.6446624630982993,1599438,79488,149,4,4,4,local1_fixed_8_merge_27_28,a_affinity_64_bundle_4
case_096,5,57846,26984,1.4554852539501435,3.120145271271865,1.6646600173217214,1667790,79488,150,4,5,4,local1_fixed_8_move_26_4_0,a_affinity_64_bundle_4
case_097,2,5332254,5192028,2.15509407466336,2.2132987341362567,0.05820465947289666,44810240,29818880,411,64,2,2,local1_fixed_16_merge_0_1,a_affinity_64_bundle_0
case_097,3,4416927,3577028,2.601697741438788,3.2125856996366817,0.6108879581978939,89980928,29818880,1648,64,3,3,local1_fixed_4_move_0_1_0,a_affinity_64_bundle_0
case_097,4,2760484,2608028,4.16286020857212,4.40620614502605,0.2433459364539301,44859392,29818880,412,64,4,4,local1_fixed_16_move_0_1_0,a_affinity_64_bundle_0
case_097,5,2760484,2102348,4.16286020857212,5.466035594487687,1.3031753859155675,44859392,21311488,412,5,4,5,local1_fixed_16_move_0_1_0,a_affinity_64_bundle_5
case_098,2,151388,94351,1.1720215604935662,1.8805312079363228,0.7085096474427566,2001118,0,56,27,2,2,local1_fixed_24_merge_24_25,components_total
case_098,3,134871,69315,1.3155533806377946,2.5597633989756905,1.244210018337896,2305340,639238,85,18,3,3,local1_fixed_16_merge_43_44,a_affinity_64_bundle_2
case_098,4,134748,60144,1.3167542375397037,2.9500864591646714,1.6333322216249677,2305340,639244,85,25,4,4,local1_fixed_16_merge_43_44,a_affinity_64_bundle_3
case_098,5,134906,51345,1.3152120735919826,3.4556431979744864,2.140431124382504,2305340,639256,85,35,5,5,local1_fixed_16_merge_43_44,a_affinity_64_bundle_5
case_099,2,934346,809945,1.7370428085527203,2.0038385322460166,0.2667957236932963,21210884,8114176,131,4,2,2,local1_fixed_48_merge_121_122,a_affinity_64_bundle_2
case_099,3,781341,544076,2.0771967681204493,2.9830372962600813,0.905840528139632,32944036,8114176,394,4,3,3,fixed_16,a_affinity_64_bundle_2
case_099,4,564016,405336,2.87757616805197,4.004083032348471,1.126506864296501,21309188,9838592,132,4,4,4,fixed_48,a_affinity_64_bundle_4
case_099,5,573313,339475,2.8309126079471425,4.780908756167611,1.9499961482204689,21309188,10698752,132,5,5,5,fixed_48,a_affinity_64_bundle_5
case_100,2,139428,83766,1.0845956335886622,1.8053028675118783,0.7207072339232161,2778100,990008,10,21,1,2,local2_adaptive_reuse_155_split_3_1,a_affinity_64_bundle_2
case_100,3,105611,58653,1.4318868299703629,2.5782653913695803,1.1463785613992175,2494326,534528,20,43,2,3,local1_adaptive_memory_67_merge_15_16,components_pipe
case_100,4,99732,49599,1.5162936670276341,3.0489122764571865,1.5326186094295524,1238940,1134408,11,33,2,4,local1_adaptive_memory_112_merge_8_9,a_affinity_64_bundle_4
case_100,5,121039,44830,1.2493741686563835,3.3732545170644657,2.123880348408082,4438604,1134408,348,33,5,5,local1_fixed_4_merge_105_106,a_affinity_64_bundle_4
