case,cores,status,singlecore_makespan,makespan,speedup,added_copy_bytes,v1_makespan,gain_over_v1,selected_source,generation_seconds,total_seconds,paired_no_l2_makespan,paired_with_l2_makespan,paired_no_l2_added_copy_bytes,paired_with_l2_added_copy_bytes,paired_l2_speedup,paired_cache_hit_rate,cache_hit_rate
case_001,2,ok,233110,121455,1.9193116792227574,1152,158664,1.306360380387798,v3_idblock_32,0.055,0.377,,,,,,,
case_001,3,ok,233110,84296,2.765374394989086,2304,103552,1.228433140362532,v3_idblock_32,0.055,0.365,,,,,,,
case_001,4,ok,233110,71177,3.2750748134931227,1404288,90390,1.2699327029798952,v2_memory_24,0.056,0.369,,,,,,,
case_001,5,ok,233110,60723,3.8389078273471338,1921536,71968,1.1851851851851851,v2_memory_24,0.055,0.361,,,,,,,
case_002,2,ok,261945,137914,1.8993358179735198,500736,166937,1.2104427396783504,v3_idblock_32,0.111,1.184,,,,,,,
case_002,3,ok,261945,92929,2.818764863497939,519168,118615,1.2764045669274393,v3_idblock_32,0.115,1.215,,,,,,,
case_002,4,ok,261945,72180,3.6290523690773067,660480,110720,1.5339429204765862,v3_idblock_32,0.116,1.257,,,,,,,
case_002,5,ok,261945,61331,4.2710048751854695,755712,103529,1.6880370448875772,v3_idblock_32,0.118,1.338,,,,,,,
case_003,2,ok,602212,571797,1.0531919544873443,111238,624948,1.0929543177036605,v3_idblock_128,1.163,15.942,,,,,,,
case_003,3,ok,602212,571797,1.0531919544873443,111238,624948,1.0929543177036605,v3_idblock_128,1.172,16.131,,,,,,,
case_003,4,ok,602212,571797,1.0531919544873443,111238,598792,1.0472108108297176,v3_idblock_128,1.479,16.476,,,,,,,
case_003,5,ok,602212,571797,1.0531919544873443,111238,614730,1.0750843393721898,v3_idblock_128,1.483,16.53,,,,,,,
case_004,2,ok,392357,220860,1.7764964230734401,3056640,291815,1.3212668658878928,v2_reuse_36,0.081,0.514,,,,,,,
case_004,3,ok,392357,169219,2.318634432303701,221184,202319,1.1956045124956418,v3_idblock_32,0.083,0.564,,,,,,,
case_004,4,ok,392357,118300,3.316627218934911,331776,163537,1.3823922231614538,v3_idblock_32,0.08,0.551,,,,,,,
case_004,5,ok,392357,118300,3.316627218934911,331776,169653,1.4340912933220626,v3_idblock_32,0.081,0.57,,,,,,,
case_005,2,ok,95618,90292,1.058986399681035,0,91434,1.0126478536304435,v3_idblock_32,0.426,2.551,,,,,,,
case_005,3,ok,95618,88011,1.0864323777709604,0,88011,1.0,v1,0.427,2.61,,,,,,,
case_005,4,ok,95618,90292,1.058986399681035,0,93152,1.0316750099676604,v3_idblock_32,0.435,2.598,,,,,,,
case_005,5,ok,95618,89263,1.0711941117820374,0,89779,1.0057806706026013,v2_critical_182,0.44,2.775,,,,,,,
case_006,2,ok,82837,41771,1.9831222618563118,8272,91555,2.191831653539537,v3_idblock_64,0.066,0.341,,,,,,,
case_006,3,ok,82837,41447,1.9986247496803147,16396,91232,2.2011725818515213,v3_idblock_32,0.067,0.34,,,,,,,
case_006,4,ok,82837,41447,1.9986247496803147,16396,91232,2.2011725818515213,v3_idblock_32,0.07,0.363,,,,,,,
case_006,5,ok,82837,41447,1.9986247496803147,16396,91232,2.2011725818515213,v3_idblock_32,0.068,0.374,,,,,,,
case_007,2,ok,1012562,525734,1.9259967968592482,27648,736174,1.4002784678183264,v3_idblock_32,0.465,4.169,,,,,,,
case_007,3,ok,1012562,350836,2.8861405328985623,55296,576540,1.6433319271682496,v3_idblock_32,0.461,4.121,,,,,,,
case_007,4,ok,1012562,292650,3.459976080642406,82944,448294,1.531843499060311,v3_idblock_32,0.464,3.608,,,,,,,
case_007,5,ok,1012562,234764,4.313105927655006,110592,369929,1.5757484111703668,v3_idblock_32,0.457,3.662,,,,,,,
case_008,2,ok,487605,253187,1.9258690217112253,0,517423,2.043639681342249,v3_idblock_32,0.105,0.711,,,,,,,
case_008,3,ok,487605,163359,2.984867684057811,0,483687,2.960883697867886,v3_idblock_32,0.104,0.71,,,,,,,
case_008,4,ok,487605,127469,3.825283009986742,0,462817,3.630820042520142,v3_idblock_32,0.105,0.746,,,,,,,
case_008,5,ok,487605,109524,4.452037909499288,0,456926,4.171925787955152,v3_idblock_32,0.104,0.742,,,,,,,
case_009,2,ok,153261,140176,1.0933469352813605,135346,152702,1.0893590914279192,v3_idblock_128,0.54,4.405,,,,,,,
case_009,3,ok,153261,140185,1.0932767414487998,135346,153565,1.0954453044191603,v3_idblock_128,0.656,4.35,,,,,,,
case_009,4,ok,153261,140185,1.0932767414487998,135346,150797,1.0756999678995613,v3_idblock_128,0.651,4.33,,,,,,,
case_009,5,ok,153261,140185,1.0932767414487998,135346,155188,1.1070228626457894,v3_idblock_128,0.65,4.577,,,,,,,
case_010,2,ok,86969,69261,1.2556705794025498,985480,103029,1.487547104431065,v2_memory_31,0.063,0.302,,,,,,,
case_010,3,ok,86969,69505,1.2512624991007841,1006668,104141,1.4983238615926913,v2_memory_24,0.064,0.303,,,,,,,
case_010,4,ok,86969,69505,1.2512624991007841,1006668,104141,1.4983238615926913,v2_memory_24,0.064,0.311,,,,,,,
case_010,5,ok,86969,69505,1.2512624991007841,1006668,104141,1.4983238615926913,v2_memory_24,0.066,0.317,,,,,,,
case_011,2,ok,184697,156946,1.1768187784333466,614400,157035,1.000567074025461,v2_critical_50,0.058,0.322,,,,,,,
case_011,3,ok,184697,98712,1.8710693735310804,2082816,138383,1.4018862954858577,v2_critical_24,0.059,0.376,,,,,,,
case_011,4,ok,184697,97866,1.8872437823145933,2197504,138783,1.4180920850959475,v2_critical_24,0.06,0.381,,,,,,,
case_011,5,ok,184697,95424,1.9355403252850436,2240512,139166,1.4583962105969148,v2_critical_24,0.061,0.392,,,,,,,
case_012,2,ok,59088,48771,1.2115396444608477,153600,51564,1.0572676385556992,v2_critical_157,0.102,0.505,,,,,,,
case_012,3,ok,59088,48687,1.2136299217450244,344072,53230,1.093310329246,v2_memory_30,0.109,0.54,,,,,,,
case_012,4,ok,59088,47301,1.2491913490201052,450084,54417,1.1504407940635504,v2_memory_24,0.108,0.577,,,,,,,
case_012,5,ok,59088,43077,1.3716832648513129,390500,54417,1.2632495299115538,v2_memory_49,0.106,0.57,,,,,,,
case_013,2,ok,263949,133235,1.9810785454272526,8192,183546,1.3776109881037264,v3_idblock_32,0.21,1.544,,,,,,,
case_013,3,ok,263949,90425,2.918982582250484,16384,144822,1.601570362178601,v3_idblock_32,0.212,1.594,,,,,,,
case_013,4,ok,263949,69091,3.820309446961254,24576,119700,1.7324977203977363,v3_idblock_32,0.209,1.548,,,,,,,
case_013,5,ok,263949,56507,4.6710849983187925,32768,128310,2.2706921266391773,v3_idblock_32,0.215,1.597,,,,,,,
case_014,2,ok,17698626,9902600,1.7872706157978713,71718884,12996644,1.3124476400137337,v3_idblock_128,4.338,120.058,,,,,,,
case_014,3,ok,17698626,7563397,2.340036626399487,72573392,10179250,1.3458568947260074,v3_idblock_128,4.346,103.853,,,,,,,
case_014,4,ok,17698626,5602354,3.1591409611031365,73281944,8487960,1.5150702722462737,v3_idblock_128,4.421,92.247,,,,,,,
case_014,5,ok,17698626,4785092,3.6987012997869217,74332548,7475621,1.5622732018527543,v3_idblock_128,4.372,91.689,,,,,,,
case_015,2,ok,177362,159451,1.1123291794971495,843648,182560,1.144928536039285,v2_memory_164,0.105,0.551,,,,,,,
case_015,3,ok,177362,175090,1.0129761836769662,360560,200053,1.1425723913415957,v3_idblock_128,0.103,0.566,,,,,,,
case_015,4,ok,177362,172354,1.0290564767861494,3864900,178713,1.0368949951843298,v2_reuse_24,0.105,0.598,,,,,,,
case_015,5,ok,177362,172413,1.0287043320399274,3864900,178713,1.0365401680847732,v2_reuse_24,0.107,0.622,,,,,,,
case_016,2,ok,7715523,7715523,1.0,0,7776614,1.0079179337551065,v2_critical_332,1.173,25.827,,,,,,,
case_016,3,ok,7715523,7715523,1.0,0,7776614,1.0079179337551065,v2_critical_332,1.175,25.94,,,,,,,
case_016,4,ok,7715523,7715523,1.0,0,7776614,1.0079179337551065,v2_critical_332,1.25,26.078,,,,,,,
case_016,5,ok,7715523,7715523,1.0,0,7795643,1.0103842604059374,v2_critical_332,1.25,26.05,,,,,,,
case_017,2,ok,162810,145843,1.116337431347408,1384,154341,1.0582681376548755,v3_idblock_32,0.15,0.808,,,,,,,
case_017,3,ok,162810,140333,1.1601690265297542,693056,155580,1.1086487141299624,v2_memory_66,0.149,0.833,,,,,,,
case_017,4,ok,162810,121440,1.3406620553359683,422078,158860,1.3081357048748352,v2_memory_77,0.147,0.83,,,,,,,
case_017,5,ok,162810,120842,1.3472964697704441,828566,145019,1.2000711673093791,v2_memory_40,0.144,0.838,,,,,,,
case_018,2,ok,1004367,547838,1.833328465714317,1821432,1071976,1.956739035992392,v3_idblock_32,0.308,1.99,,,,,,,
case_018,3,ok,1004367,453259,2.2158787801235054,7352320,622561,1.3735215406643884,v2_memory_130,0.303,1.987,,,,,,,
case_018,4,ok,1004367,364373,2.756425421202998,9050624,588739,1.6157591259506057,v2_memory_63,0.298,2.087,,,,,,,
case_018,5,ok,1004367,335776,2.9911816210807203,9415940,493011,1.4682734918517106,v2_memory_50,0.303,2.117,,,,,,,
case_019,2,ok,81144,63007,1.2878569047883568,36,68432,1.0861015442728585,v3_idblock_32,0.063,0.278,,,,,,,
case_019,3,ok,81144,50217,1.6158671366270387,16420,64842,1.2912360356054722,v3_idblock_32,0.063,0.283,,,,,,,
case_019,4,ok,81144,47922,1.6932515337423313,32804,64842,1.3530737448353574,v3_idblock_32,0.064,0.283,,,,,,,
case_019,5,ok,81144,47922,1.6932515337423313,32804,64842,1.3530737448353574,v3_idblock_32,0.061,0.284,,,,,,,
case_020,2,ok,532746,309071,1.7237010266249502,0,1095778,3.5453924826334404,v3_idblock_128,0.635,9.167,,,,,,,
case_020,3,ok,532746,224020,2.3781180251763234,0,1272914,5.682144451388269,v3_idblock_128,0.624,9.447,,,,,,,
case_020,4,ok,532746,224020,2.3781180251763234,0,1302985,5.81637800196411,v3_idblock_128,0.737,9.646,,,,,,,
case_020,5,ok,532746,224020,2.3781180251763234,0,1280555,5.716253013123828,v3_idblock_128,0.775,9.166,,,,,,,
case_021,2,ok,6567937,3787296,1.7342021854114387,6479872,4744436,1.2527238430796008,v3_idblock_32,0.359,4.71,,,,,,,
case_021,3,ok,6567937,2519153,2.6072005154113307,6553600,3235596,1.2843983672289854,v3_idblock_32,0.373,4.477,,,,,,,
case_021,4,ok,6567937,2519153,2.6072005154113307,6553600,2636699,1.0466609213493583,v3_idblock_32,0.367,4.33,,,,,,,
case_021,5,ok,6567937,2138091,3.0718697192963256,82690048,2272159,1.0627045340913928,v2_memory_72,0.363,4.447,,,,,,,
case_022,2,ok,56780,49693,1.1426156601533415,164,59693,1.2012355865011168,v3_idblock_32,0.133,0.711,,,,,,,
case_022,3,ok,56780,34154,1.662469988873924,24580,61001,1.7860572700122972,v2_memory_65,0.136,0.677,,,,,,,
case_022,4,ok,56780,49693,1.1426156601533415,196,57947,1.1660998530980218,v3_idblock_32,0.134,0.715,,,,,,,
case_022,5,ok,56780,48370,1.173868100062022,1327588,54113,1.118730618151747,v2_reuse_25,0.135,0.783,,,,,,,
case_023,2,ok,122614,92534,1.32506970410876,344064,105168,1.1365335984611062,v2_reuse_164,0.093,0.473,,,,,,,
case_023,3,ok,122614,98794,1.2411077595805413,544768,98794,1.0,v1,0.094,0.481,,,,,,,
case_023,4,ok,122614,79611,1.540164047681853,671240,101015,1.2688573187122383,v2_memory_57,0.097,0.505,,,,,,,
case_023,5,ok,122614,96450,1.2712700881285641,761856,101015,1.0473302229134267,v2_reuse_24,0.1,0.533,,,,,,,
case_024,2,ok,2555343,2555343,1.0,0,2582574,1.010656495038044,v3_idblock_128,0.407,4.176,,,,,,,
case_024,3,ok,2555343,2555343,1.0,0,2598587,1.0169229727672566,v3_idblock_128,0.493,4.323,,,,,,,
case_024,4,ok,2555343,2555343,1.0,0,2603177,1.0187192091237849,v3_idblock_128,0.498,4.429,,,,,,,
case_024,5,ok,2555343,2555343,1.0,0,2629186,1.0288974904738817,v3_idblock_128,0.479,4.55,,,,,,,
case_025,2,ok,4863026,2528486,1.9232956006084274,27648,3919025,1.5499492581726773,v3_idblock_128,2.05,43.562,,,,,,,
case_025,3,ok,4863026,1634932,2.9744515368223268,55296,2804599,1.7154224151218522,v3_idblock_128,2.111,39.163,,,,,,,
case_025,4,ok,4863026,1361514,3.5717781822294885,82944,2422363,1.7791686313912307,v3_idblock_128,2.093,35.565,,,,,,,
case_025,5,ok,4863026,1128498,4.309290756385922,110592,2135532,1.8923666679072537,v3_idblock_128,2.031,34.159,,,,,,,
case_026,2,ok,99203,100113,0.9909102713933255,1216512,121101,1.2096431032932786,v2_reuse_71,0.061,0.296,,,,,,,
case_026,3,ok,99203,100953,0.9826652006379206,1290240,110610,1.0956583756797718,v2_reuse_72,0.063,0.303,,,,,,,
case_026,4,ok,99203,100953,0.9826652006379206,1290240,110610,1.0956583756797718,v2_reuse_72,0.061,0.302,,,,,,,
case_026,5,ok,99203,100953,0.9826652006379206,1290240,110610,1.0956583756797718,v2_reuse_72,0.065,0.322,,,,,,,
case_027,2,ok,2363952,2152984,1.0979886520289979,14233600,2153120,1.000063168142448,v2_critical_66,0.128,1.039,,,,,,,
case_027,3,ok,2363952,2097794,1.1268751841219873,14602240,2144240,1.022140400821053,v2_memory_44,0.13,1.047,,,,,,,
case_027,4,ok,2363952,2107619,1.1216220768554468,13846528,2107619,1.0,v1,0.13,1.062,,,,,,,
case_027,5,ok,2363952,1568874,1.5067825714493324,14065664,2079723,1.325615058953109,v2_critical_26,0.13,1.043,,,,,,,
case_028,2,ok,43836040,23638628,1.8544240384848054,277473600,41163990,1.7413865982408117,v3_idblock_128,1.827,39.472,,,,,,,
case_028,3,ok,43836040,16770711,2.613845054034978,277369056,41163990,2.454516686859609,v3_idblock_128,1.901,37.991,,,,,,,
case_028,4,ok,43836040,13608312,3.2212694711879033,277760640,41163990,3.024915213584168,v3_idblock_128,1.908,37.162,,,,,,,
case_028,5,ok,43836040,11491035,3.814803453300769,277818912,41058810,3.5731167819086793,v3_idblock_128,1.644,34.948,,,,,,,
case_029,2,ok,37555,25598,1.4671068052191578,471432,32142,1.2556449722634582,v2_critical_40,0.087,0.511,,,,,,,
case_029,3,ok,37555,24029,1.5629031586832578,860776,27010,1.124058429397811,v2_critical_26,0.09,0.524,,,,,,,
case_029,4,ok,37555,18957,1.98106240438888,610698,31148,1.6430869863375006,v2_memory_24,0.089,0.551,,,,,,,
case_029,5,ok,37555,18672,2.0113003427592115,582026,27169,1.4550664095972579,v2_memory_24,0.09,0.552,,,,,,,
case_030,2,ok,2808034,1837434,1.528236660473247,6060556,2417297,1.3155830359076843,v3_idblock_128,0.836,15.478,,,,,,,
case_030,3,ok,2808034,1453694,1.9316541170287558,6466292,1928728,1.3267771621813118,v3_idblock_128,1.008,14.517,,,,,,,
case_030,4,ok,2808034,964996,2.909891854474008,6320004,1644548,1.7042018827021044,v3_idblock_128,1.044,14.187,,,,,,,
case_030,5,ok,2808034,949813,2.956407208576846,6811344,1505653,1.5852099307969043,v3_idblock_128,1.154,14.333,,,,,,,
case_031,2,ok,1414369,979400,1.444117827241168,20321856,1151235,1.1754492546457014,v2_memory_439,0.577,6.396,,,,,,,
case_031,3,ok,1414369,761308,1.8578144456645669,22540864,1038055,1.3635151607496572,v2_memory_190,0.7,6.458,,,,,,,
case_031,4,ok,1414369,649328,2.1782042357637432,22897408,794560,1.2236650814380405,v2_reuse_143,0.695,6.232,,,,,,,
case_031,5,ok,1414369,611182,2.3141535581872503,23404800,903427,1.4781636239287153,v2_reuse_114,0.716,6.678,,,,,,,
case_032,2,ok,41443,22355,1.853858197271304,20628,32926,1.4728696041154103,v3_idblock_32,0.083,0.395,,,,,,,
case_032,3,ok,41443,22355,1.853858197271304,20628,33098,1.4805636322970253,v3_idblock_32,0.086,0.437,,,,,,,
case_032,4,ok,41443,22355,1.853858197271304,20628,31820,1.4233952135987475,v3_idblock_32,0.084,0.437,,,,,,,
case_032,5,ok,41443,22355,1.853858197271304,20628,31820,1.4233952135987475,v3_idblock_32,0.083,0.442,,,,,,,
case_033,2,ok,1774196,1140309,1.5558905524730577,6155632,1409558,1.2361193325668745,v3_idblock_32,0.399,3.764,,,,,,,
case_033,3,ok,1774196,931607,1.9044468321942623,31156264,1103244,1.1842375594000474,v2_memory_107,0.391,3.611,,,,,,,
case_033,4,ok,1774196,801781,2.2128187123416496,32793112,949338,1.1840365386558176,v2_reuse_80,0.402,3.697,,,,,,,
case_033,5,ok,1774196,654846,2.7093331867339803,30967836,891173,1.3608894304920547,v2_reuse_64,0.393,3.682,,,,,,,
case_034,2,ok,842996,582284,1.4477402779399744,1851396,673189,1.1561179767948286,v3_idblock_32,0.435,3.607,,,,,,,
case_034,3,ok,842996,452095,1.8646434930711466,16821000,479166,1.0598790077306761,v2_reuse_179,0.438,3.505,,,,,,,
case_034,4,ok,842996,417648,2.0184365781710913,17894260,490435,1.1742783396544458,v2_reuse_87,0.431,3.526,,,,,,,
case_034,5,ok,842996,379671,2.2203328671402347,19093192,431932,1.1376481216632295,v2_reuse_69,0.433,3.587,,,,,,,
case_035,2,ok,169571,166405,1.0190258706168684,111474,176020,1.0577807157236863,v3_idblock_32,0.413,2.484,,,,,,,
case_035,3,ok,169571,154722,1.0959721306601518,0,176418,1.140225695117695,v2_memory_184,0.407,2.478,,,,,,,
case_035,4,ok,169571,166414,1.0189707596716622,111528,173170,1.0405975458795533,v3_idblock_32,0.405,2.534,,,,,,,
case_035,5,ok,169571,155064,1.0935549192591447,0,173330,1.1177965227261002,v2_memory_72,0.407,2.566,,,,,,,
case_036,2,ok,931510,484623,1.9221332871118375,1152,722515,1.4908805401311949,v3_idblock_32,0.249,2.296,,,,,,,
case_036,3,ok,931510,335720,2.774663409984511,2304,531338,1.5826819969021804,v3_idblock_32,0.249,2.171,,,,,,,
case_036,4,ok,931510,261313,3.5647288883446286,3456,433996,1.6608282021943035,v3_idblock_32,0.253,1.983,,,,,,,
case_036,5,ok,931510,187182,4.976493466252097,4608,396947,2.120647284461113,v3_idblock_32,0.251,1.967,,,,,,,
case_037,2,ok,210001,130275,1.6119823450393398,2981888,130916,1.004920360775283,v2_critical_56,0.066,0.457,,,,,,,
case_037,3,ok,210001,97643,2.1507020472537715,4020224,98209,1.0057966264862817,v2_memory_24,0.068,0.526,,,,,,,
case_037,4,ok,210001,77901,2.6957420315528684,3956736,90803,1.165620467002991,v2_memory_24,0.066,0.536,,,,,,,
case_037,5,ok,210001,96013,2.1872142314061636,5005312,96013,1.0,v1,0.067,0.602,,,,,,,
case_038,2,ok,1364555,1003315,1.360046446031406,18606208,1122951,1.1192407170230685,v2_memory_422,0.591,7.286,,,,,,,
case_038,3,ok,1364555,726947,1.8771038328791507,20519552,1034601,1.4232137968792773,v2_memory_183,0.705,7.515,,,,,,,
case_038,4,ok,1364555,630747,2.16339514892659,22015616,878404,1.3926407894131878,v2_memory_137,0.717,7.557,,,,,,,
case_038,5,ok,1364555,486511,2.8047772815003156,22320776,777060,1.5972095183870456,v2_memory_109,0.734,7.295,,,,,,,
case_039,2,ok,1435262,1109763,1.2933049669163597,36679680,1109763,1.0,v1,0.445,6.733,,,,,,,
case_039,3,ok,1435262,870715,1.6483717404661686,38137856,870715,1.0,v1,0.518,6.907,,,,,,,
case_039,4,ok,1435262,781512,1.8365194648322738,39141376,783937,1.0031029593915384,v2_memory_188,0.52,6.892,,,,,,,
case_039,5,ok,1435262,725256,1.9789729419680775,38162432,725256,1.0,v1,0.514,6.665,,,,,,,
case_040,2,ok,253454,233260,1.0865729229186316,77058,279927,1.2000643059247191,v3_idblock_32,0.331,1.926,,,,,,,
case_040,3,ok,253454,136890,1.8515158156183797,1564672,283622,2.0718971436920155,v2_memory_95,0.332,1.906,,,,,,,
case_040,4,ok,253454,224384,1.1295546919566457,126210,293019,1.3058818810610382,v3_idblock_32,0.32,2.051,,,,,,,
case_040,5,ok,253454,224384,1.1295546919566457,126210,293607,1.308502388762122,v3_idblock_32,0.32,2.149,,,,,,,
case_041,2,ok,6003957,3828012,1.5684269014830674,27447804,4666125,1.2189421036297692,v3_idblock_128,1.611,36.213,,,,,,,
case_041,3,ok,6003957,2799198,2.1448847134071976,27354916,3861419,1.3794733348623427,v3_idblock_128,1.638,32.917,,,,,,,
case_041,4,ok,6003957,2806190,2.139540444517299,27278196,3883752,1.3839946689283333,v3_idblock_128,1.657,31.767,,,,,,,
case_041,5,ok,6003957,2538948,2.364742011258206,127830036,3557401,1.401131886119763,v2_memory_308,2.034,31.224,,,,,,,
case_042,2,ok,1686740,1125548,1.4985944624307448,8204400,1736820,1.5430883445219572,v3_idblock_32,0.455,4.763,,,,,,,
case_042,3,ok,1686740,718353,2.3480656446064816,8493192,1745993,2.430550161271687,v3_idblock_32,0.538,4.958,,,,,,,
case_042,4,ok,1686740,718374,2.3479970043459257,8566920,1566882,2.181150765478706,v3_idblock_32,0.543,4.702,,,,,,,
case_042,5,ok,1686740,718446,2.3477616967733135,8566920,1447999,2.015459756196012,v3_idblock_32,0.556,4.818,,,,,,,
case_043,2,ok,677656,624948,1.0843398170727805,969418,667575,1.0682088749783982,v2_memory_332,0.718,9.604,,,,,,,
case_043,3,ok,677656,662868,1.022309117350664,82040,679774,1.0255043236360784,v3_idblock_128,0.919,9.586,,,,,,,
case_043,4,ok,677656,625247,1.0838212738325814,985802,679492,1.0867577133516835,v2_memory_333,0.928,9.912,,,,,,,
case_043,5,ok,677656,619201,1.0944039173063351,965322,690974,1.115912280503423,v2_memory_266,1.129,9.474,,,,,,,
case_044,2,ok,154407,82297,1.8762166300108145,0,82950,1.007934675626086,v2_critical_63,0.123,0.69,,,,,,,
case_044,3,ok,154407,81945,1.8842760388065165,0,81945,1.0,v1,0.127,0.731,,,,,,,
case_044,4,ok,154407,81511,1.8943087436051576,0,81511,1.0,v1,0.13,0.754,,,,,,,
case_044,5,ok,154407,80741,1.912374134578467,0,80741,1.0,v1,0.129,0.713,,,,,,,
case_045,2,ok,125614,107215,1.1716084503101245,0,214946,2.0048127594086647,v3_idblock_32,0.15,1.124,,,,,,,
case_045,3,ok,125614,107215,1.1716084503101245,0,253117,2.360835703959334,v3_idblock_32,0.149,1.141,,,,,,,
case_045,4,ok,125614,107215,1.1716084503101245,0,214021,1.996185235274915,v3_idblock_32,0.156,1.168,,,,,,,
case_045,5,ok,125614,107215,1.1716084503101245,0,212529,1.9822692720235042,v3_idblock_32,0.153,1.211,,,,,,,
case_046,2,ok,276455,224772,1.2299352232484473,0,225203,1.0019174986208246,v2_critical_71,0.085,0.463,,,,,,,
case_046,3,ok,276455,221913,1.2457810042674382,0,223259,1.0060654400598432,v2_critical_31,0.09,0.477,,,,,,,
case_046,4,ok,276455,222475,1.242634003820654,0,222475,1.0,v1,0.089,0.479,,,,,,,
case_046,5,ok,276455,221361,1.248887563753326,0,222475,1.005032503467187,v2_reuse_24,0.091,0.501,,,,,,,
case_047,2,ok,326508,313202,1.0424837644714913,0,319871,1.0212929674778577,v3_idblock_128,1.213,16.292,,,,,,,
case_047,3,ok,326508,313202,1.0424837644714913,0,319871,1.0212929674778577,v3_idblock_128,1.208,17.622,,,,,,,
case_047,4,ok,326508,313202,1.0424837644714913,0,317644,1.0141825403413771,v3_idblock_128,1.52,17.987,,,,,,,
case_047,5,ok,326508,313202,1.0424837644714913,0,330821,1.0562544300483394,v3_idblock_128,1.529,18.014,,,,,,,
case_048,2,ok,222220,202013,1.1000282160059005,0,219496,1.0865439352912931,v3_idblock_32,0.169,0.893,,,,,,,
case_048,3,ok,222220,202013,1.1000282160059005,0,210279,1.0409181587323588,v3_idblock_32,0.169,0.937,,,,,,,
case_048,4,ok,222220,202013,1.1000282160059005,0,214599,1.0623029210991373,v3_idblock_32,0.175,0.937,,,,,,,
case_048,5,ok,222220,202013,1.1000282160059005,0,209005,1.0346116339047486,v3_idblock_32,0.176,0.943,,,,,,,
case_049,2,ok,196276,170314,1.1524360886362837,132006,203706,1.1960613924868184,v3_idblock_32,0.449,2.746,,,,,,,
case_049,3,ok,196276,169425,1.1584831046185629,146410,200200,1.181643795189612,v3_idblock_32,0.448,2.685,,,,,,,
case_049,4,ok,196276,169442,1.158366874800817,148494,207251,1.2231383010115555,v3_idblock_32,0.453,2.78,,,,,,,
case_049,5,ok,196276,169424,1.1584899423930495,148498,200518,1.183527717442629,v3_idblock_32,0.453,2.721,,,,,,,
case_050,2,ok,149690,132809,1.1271073496525086,115430,150764,1.1351941509988028,v3_idblock_32,0.48,3.008,,,,,,,
case_050,3,ok,149690,131355,1.1395835712382476,125738,154088,1.1730653572380192,v3_idblock_32,0.48,3.006,,,,,,,
case_050,4,ok,149690,131367,1.1394794735359717,126286,157974,1.2025394505469411,v3_idblock_32,0.47,2.959,,,,,,,
case_050,5,ok,149690,131354,1.1395922469053092,126290,158173,1.204173454938563,v3_idblock_32,0.479,3.067,,,,,,,
case_051,2,ok,607628,607628,1.0,0,610548,1.004805571830133,v3_idblock_32,0.101,0.584,,,,,,,
case_051,3,ok,607628,607628,1.0,0,607628,1.0,v1,0.106,0.607,,,,,,,
case_051,4,ok,607628,607628,1.0,0,687038,1.130688513366731,v3_idblock_32,0.097,0.654,,,,,,,
case_051,5,ok,607628,607628,1.0,0,730037,1.201453850052993,v3_idblock_32,0.096,0.694,,,,,,,
case_052,2,ok,180301,105362,1.7112526337768834,1023200,170489,1.618126079611245,v2_reuse_72,0.109,0.563,,,,,,,
case_052,3,ok,180301,86844,2.076148035558012,1015808,132628,1.527198194463636,v2_reuse_31,0.113,0.584,,,,,,,
case_052,4,ok,180301,62193,2.899056163876964,2044936,131448,2.1135497564034536,v2_reuse_24,0.111,0.605,,,,,,,
case_052,5,ok,180301,57238,3.1500227121842133,1927752,131448,2.296516300359901,v2_reuse_24,0.11,0.615,,,,,,,
case_053,2,ok,1472686,1400939,1.0512135075117475,920068,1400939,1.0,v1,0.995,13.994,,,,,,,
case_053,3,ok,1472686,1415169,1.0406432023313117,825600,1419204,1.0028512495680728,v2_reuse_512,1.018,12.847,,,,,,,
case_053,4,ok,1472686,1394882,1.0557781948580596,813568,1394882,1.0,v1,1.249,13.559,,,,,,,
case_053,5,ok,1472686,1263079,1.165949239912943,1222196,1406917,1.113878862683965,v2_reuse_217,1.269,13.335,,,,,,,
case_054,2,ok,815051,790162,1.0314986040837195,77126,870322,1.10144755126164,v3_idblock_128,1.37,20.042,,,,,,,
case_054,3,ok,815051,790162,1.0314986040837195,77126,870322,1.10144755126164,v3_idblock_128,1.401,20.54,,,,,,,
case_054,4,ok,815051,790162,1.0314986040837195,77126,871784,1.1032978047539619,v3_idblock_128,1.402,20.726,,,,,,,
case_054,5,ok,815051,790162,1.0314986040837195,77126,865507,1.0953538641443148,v3_idblock_128,1.733,20.892,,,,,,,
case_055,2,ok,118835,101410,1.1718272359727837,262204,129173,1.273769845182921,v3_idblock_32,0.122,0.61,,,,,,,
case_055,3,ok,118835,101684,1.1686696038708155,262228,124139,1.2208312025490735,v3_idblock_32,0.127,0.676,,,,,,,
case_055,4,ok,118835,101737,1.168060784178814,282732,118929,1.168984735150437,v3_idblock_32,0.125,0.684,,,,,,,
case_055,5,ok,118835,85138,1.395792713007118,1138794,119562,1.4043317907397401,v2_memory_24,0.128,0.715,,,,,,,
case_056,2,ok,277285,272373,1.018034092953413,0,275734,1.012339695931682,v3_idblock_128,0.564,6.792,,,,,,,
case_056,3,ok,277285,272373,1.018034092953413,0,279638,1.0266729815363491,v3_idblock_128,0.722,6.998,,,,,,,
case_056,4,ok,277285,272362,1.0180752087295584,107154,283122,1.039506245364625,v2_memory_178,0.873,7.106,,,,,,,
case_056,5,ok,277285,269650,1.0283144817355832,100114,295965,1.0975894678286668,v2_memory_220,0.864,6.908,,,,,,,
case_057,2,ok,59726,58996,1.0123737202522205,196608,62267,1.055444436910977,v3_idblock_64,0.085,0.465,,,,,,,
case_057,3,ok,59726,45955,1.2996627135240997,778388,54149,1.1783048634533784,v2_memory_27,0.087,0.477,,,,,,,
case_057,4,ok,59726,45893,1.301418516985161,839876,57039,1.242869282897174,v2_memory_24,0.088,0.489,,,,,,,
case_057,5,ok,59726,45962,1.2994647752491189,839876,57039,1.2410034376223837,v2_memory_24,0.085,0.494,,,,,,,
case_058,2,ok,4539717,2222484,2.042632027947108,29851648,4026062,1.811514503591477,v3_idblock_128,1.366,39.486,,,,,,,
case_058,3,ok,4539717,2222484,2.042632027947108,29851648,3191136,1.4358420578055906,v3_idblock_128,1.374,36.398,,,,,,,
case_058,4,ok,4539717,2222484,2.042632027947108,29851648,3033713,1.365010051815896,v3_idblock_128,1.387,35.66,,,,,,,
case_058,5,ok,4539717,2222484,2.042632027947108,29851648,2819039,1.2684181303442454,v3_idblock_128,1.665,35.595,,,,,,,
case_059,2,ok,829473,421538,1.9677300741570154,2072576,687824,1.6317010566069963,v3_idblock_32,0.257,2.112,,,,,,,
case_059,3,ok,829473,421538,1.9677300741570154,2072576,585728,1.3895022512798372,v3_idblock_32,0.25,2.049,,,,,,,
case_059,4,ok,829473,364954,2.272815204107915,10418176,429397,1.1765784181020074,v2_memory_64,0.25,2.065,,,,,,,
case_059,5,ok,829473,316312,2.6223254255292243,13725696,372373,1.1772332380687422,v2_memory_51,0.246,2.276,,,,,,,
case_060,2,ok,888789,734932,1.2093486200083818,23780388,759429,1.0333323355085913,v2_reuse_378,0.517,6.127,,,,,,,
case_060,3,ok,888789,613298,1.4491959862905146,21530772,663469,1.0818052561723666,v2_memory_163,0.647,5.897,,,,,,,
case_060,4,ok,888789,561614,1.5825620443934802,25567944,610715,1.087428376073246,v2_critical_189,0.629,6.113,,,,,,,
case_060,5,ok,888789,528035,1.6832009241811623,26527542,609918,1.1550711600556782,v2_reuse_98,0.626,6.081,,,,,,,
case_061,2,ok,77191,70449,1.0957004357762352,224000,74101,1.0518389189342645,v2_memory_52,0.12,0.613,,,,,,,
case_061,3,ok,77191,59890,1.2888796126231423,358400,65547,1.0944565035899148,v2_memory_83,0.118,0.613,,,,,,,
case_061,4,ok,77191,49633,1.555235428041827,611868,63624,1.2818890657425503,v2_memory_26,0.117,0.621,,,,,,,
case_061,5,ok,77191,53756,1.435951335664856,1149836,63399,1.1793846268323536,v2_critical_24,0.12,0.7,,,,,,,
case_062,2,ok,2854809,1578661,1.8083736787061946,11053056,2194025,1.3898012302831324,v3_idblock_128,1.512,50.168,,,,,,,
case_062,3,ok,2854809,1077503,2.6494673332696057,10527744,1707889,1.5850433827098394,v3_idblock_128,1.488,44.436,,,,,,,
case_062,4,ok,2854809,843519,3.3844039079143444,10546176,1633942,1.9370541742391103,v3_idblock_512,1.528,41.561,,,,,,,
case_062,5,ok,2854809,699939,4.078653996991166,10285056,1632991,2.33304759414749,v3_idblock_128,1.54,38.873,,,,,,,
case_063,2,ok,1070397,573727,1.8656904764809743,3572736,882030,1.5373688182707106,v3_idblock_128,0.412,10.905,,,,,,,
case_063,3,ok,1070397,401409,2.666599403600816,3102720,595459,1.4834221454925027,v3_idblock_128,0.529,9.936,,,,,,,
case_063,4,ok,1070397,303778,3.5236159300541843,3667968,562876,1.8529189078866803,v3_idblock_128,0.568,9.9,,,,,,,
case_063,5,ok,1070397,257523,4.1565102922845725,3486720,501147,1.9460281217599982,v3_idblock_128,0.595,11.175,,,,,,,
case_064,2,ok,19116,17014,1.1235453156224287,14502,18371,1.07975784647937,v3_idblock_32,0.083,0.341,,,,,,,
case_064,3,ok,19116,17014,1.1235453156224287,14502,17411,1.0233337251675092,v3_idblock_32,0.086,0.356,,,,,,,
case_064,4,ok,19116,17014,1.1235453156224287,14502,17824,1.0476078523568826,v3_idblock_32,0.086,0.361,,,,,,,
case_064,5,ok,19116,17014,1.1235453156224287,14502,17824,1.0476078523568826,v3_idblock_32,0.085,0.353,,,,,,,
case_065,2,ok,53068,32040,1.6563046192259676,202752,46930,1.4647315855181025,v2_memory_33,0.072,0.339,,,,,,,
case_065,3,ok,53068,32053,1.655632858078807,234584,35475,1.106760677627679,v2_reuse_34,0.073,0.348,,,,,,,
case_065,4,ok,53068,31395,1.6903328555502468,199168,35475,1.129956999522217,v2_reuse_32,0.073,0.351,,,,,,,
case_065,5,ok,53068,31395,1.6903328555502468,199168,35475,1.129956999522217,v2_reuse_32,0.074,0.36,,,,,,,
case_066,2,ok,359070,346874,1.0351597410010551,0,347704,1.002392799690954,v2_critical_426,0.55,4.907,,,,,,,
case_066,3,ok,359070,347287,1.033928710259814,0,350658,1.0097066691238084,v3_idblock_128,0.69,5.143,,,,,,,
case_066,4,ok,359070,347287,1.033928710259814,0,354946,1.0220538056420194,v3_idblock_128,0.675,5.461,,,,,,,
case_066,5,ok,359070,338501,1.0607649608125234,0,349927,1.0337547008723755,v2_critical_384,0.726,5.638,,,,,,,
case_067,2,ok,63834834,36346838,1.756269252362475,264024576,63508184,1.7472822257606013,v3_idblock_128,0.846,13.444,,,,,,,
case_067,3,ok,63834834,30367451,2.1020807442811056,263599744,63652663,2.096081854219506,v3_idblock_128,0.843,13.279,,,,,,,
case_067,4,ok,63834834,30367451,2.1020807442811056,263599744,62556537,2.0599864308663904,v3_idblock_128,1.028,14.106,,,,,,,
case_067,5,ok,63834834,30367451,2.1020807442811056,263599744,61833450,2.0361751798002405,v3_idblock_128,1.005,14.266,,,,,,,
case_068,2,ok,362095,349140,1.0371054591281434,4,352367,1.00924271066048,v3_idblock_128,0.483,4.448,,,,,,,
case_068,3,ok,362095,349140,1.0371054591281434,4,349367,1.000650168986653,v3_idblock_128,0.588,4.751,,,,,,,
case_068,4,ok,362095,349140,1.0371054591281434,4,355392,1.0179068568482557,v3_idblock_128,0.604,4.686,,,,,,,
case_068,5,ok,362095,335742,1.0784918181222487,54782,336760,1.003032090116816,v2_memory_153,0.599,4.712,,,,,,,
case_069,2,ok,25144,21536,1.1675334323922735,74116,21602,1.0030646359583952,v3_idblock_32,0.096,0.402,,,,,,,
case_069,3,ok,25144,21536,1.1675334323922735,74116,22638,1.0511701337295691,v3_idblock_32,0.095,0.413,,,,,,,
case_069,4,ok,25144,21536,1.1675334323922735,74116,22255,1.0333859583952452,v3_idblock_32,0.097,0.421,,,,,,,
case_069,5,ok,25144,21536,1.1675334323922735,74116,22057,1.0241920505200595,v3_idblock_32,0.097,0.421,,,,,,,
case_070,2,ok,117300,103858,1.1294267172485508,0,112793,1.0860309268424195,v2_memory_193,0.116,0.575,,,,,,,
case_070,3,ok,117300,99003,1.1848125814369261,225340,114983,1.1614092502247406,v2_reuse_37,0.121,0.595,,,,,,,
case_070,4,ok,117300,56213,2.08670592211766,319640,112695,2.0047853699322222,v2_memory_27,0.118,0.582,,,,,,,
case_070,5,ok,117300,55031,2.1315258672384654,483596,107264,1.9491559302938344,v2_memory_35,0.121,0.642,,,,,,,
case_071,2,ok,18919,15926,1.1879316840386789,0,17171,1.0781740550043952,v2_critical_53,0.069,0.281,,,,,,,
case_071,3,ok,18919,16512,1.1457727713178294,0,16512,1.0,v1,0.071,0.285,,,,,,,
case_071,4,ok,18919,16512,1.1457727713178294,0,16512,1.0,v1,0.072,0.296,,,,,,,
case_071,5,ok,18919,16512,1.1457727713178294,0,16512,1.0,v1,0.07,0.297,,,,,,,
case_072,2,ok,23897828,12364390,1.9327947436145252,95972710,21486389,1.7377637716053926,v3_idblock_128,3.819,99.108,,,,,,,
case_072,3,ok,23897828,9245041,2.584934777466103,96521618,19916203,2.1542579421767845,v3_idblock_128,3.872,88.641,,,,,,,
case_072,4,ok,23897828,6286092,3.8016987342851487,98472668,19830790,3.1547088397688103,v3_idblock_128,3.91,90.123,,,,,,,
case_072,5,ok,23897828,6313259,3.7853393944395437,100060690,19832258,3.141366131185177,v3_idblock_128,3.923,90.264,,,,,,,
case_073,2,ok,10081626,6629353,1.5207556453850022,141121024,10025102,1.5122293231330417,v3_idblock_32,0.418,4.342,,,,,,,
case_073,3,ok,10081626,5146879,1.9587843428998428,140671616,9994685,1.941892358456455,v3_idblock_32,0.485,4.558,,,,,,,
case_073,4,ok,10081626,4973165,2.027205210364024,140222208,9392338,1.888603736252467,v3_idblock_32,0.473,4.34,,,,,,,
case_073,5,ok,10081626,3517515,2.8661216796516857,139772800,8871850,2.522192513749053,v3_idblock_32,0.482,4.223,,,,,,,
case_074,2,ok,1682239,1080307,1.5571860591480013,7454888,1754918,1.6244623056223833,v3_idblock_32,0.442,3.38,,,,,,,
case_074,3,ok,1682239,1039855,1.6177630535026517,7717072,1563492,1.503567324290406,v3_idblock_32,0.43,3.439,,,,,,,
case_074,4,ok,1682239,1041923,1.6145521310116007,7782620,1494633,1.4344946795492566,v3_idblock_32,0.467,3.522,,,,,,,
case_074,5,ok,1682239,777076,2.1648320112833237,19071164,1242264,1.5986390005610778,v2_reuse_67,0.441,3.451,,,,,,,
case_075,2,ok,1441809,1386799,1.0396668875590478,0,1432612,1.0330350685283158,v3_idblock_128,0.596,6.331,,,,,,,
case_075,3,ok,1441809,1386799,1.0396668875590478,0,1425720,1.0280653504941957,v3_idblock_128,0.732,6.618,,,,,,,
case_075,4,ok,1441809,1386799,1.0396668875590478,0,1408850,1.0159006460200792,v3_idblock_128,0.881,6.812,,,,,,,
case_075,5,ok,1441809,1386799,1.0396668875590478,0,1415233,1.020503331773386,v3_idblock_128,0.862,7.038,,,,,,,
case_076,2,ok,6185113,3375452,1.832380670796089,26579788,5365102,1.5894469836928506,v3_idblock_128,3.791,101.8,,,,,,,
case_076,3,ok,6185113,2373569,2.605828185319239,27673736,4198394,1.7688105970376256,v3_idblock_128,3.877,87.855,,,,,,,
case_076,4,ok,6185113,2177091,2.8409988374395008,28128424,3670443,1.6859391729606157,v3_idblock_128,3.996,87.625,,,,,,,
case_076,5,ok,6185113,2183470,2.8326988692310864,28196312,3451423,1.5807054825575804,v3_idblock_128,3.878,81.092,,,,,,,
case_077,2,ok,495320,328332,1.508594958761254,1914500,537270,1.6363619750740104,v2_memory_208,0.468,3.102,,,,,,,
case_077,3,ok,495320,481963,1.027713745660974,79642,550273,1.1417328716104764,v3_idblock_32,0.494,3.219,,,,,,,
case_077,4,ok,495320,256034,1.9345868126889398,3069572,557309,2.176699188389042,v2_memory_104,0.492,3.11,,,,,,,
case_077,5,ok,495320,311295,1.591159511074704,2614916,552897,1.77611911530863,v2_memory_83,0.478,3.357,,,,,,,
case_078,2,ok,2296143,1260358,1.8218180866071385,12535344,2137422,1.6958848200273255,v3_idblock_32,0.091,0.491,,,,,,,
case_078,3,ok,2296143,993959,2.3100983038535796,12673800,2128521,2.1414575450295232,v3_idblock_32,0.09,0.493,,,,,,,
case_078,4,ok,2296143,690924,3.3232931552529656,13146912,2115777,3.0622427358146482,v3_idblock_32,0.094,0.495,,,,,,,
case_078,5,ok,2296143,663941,3.458353980248245,13620024,2115777,3.186694299644095,v3_idblock_32,0.096,0.509,,,,,,,
case_079,2,ok,31052251,16708400,1.8584814225180148,36642816,22351443,1.3377368868353643,v3_idblock_128,1.713,49.393,,,,,,,
case_079,3,ok,31052251,13316146,2.331924792653971,36802560,16354463,1.228167894824824,v3_idblock_128,1.739,45.149,,,,,,,
case_079,4,ok,31052251,13199130,2.3525983151919863,453439488,14060852,1.0652862726558492,v2_critical_332,1.701,43.246,,,,,,,
case_079,5,ok,31052251,11783350,2.6352650986349384,453496832,11980912,1.0167661997649224,v2_critical_332,1.606,42.735,,,,,,,
case_080,2,ok,292138,188455,1.5501737815393595,5361664,202401,1.07400175108116,v2_critical_51,0.097,0.761,,,,,,,
case_080,3,ok,292138,149443,1.954845660218277,6774784,155445,1.0401624699718288,v2_memory_34,0.095,0.831,,,,,,,
case_080,4,ok,292138,156638,1.8650519031141868,7327744,156894,1.0016343416029316,v2_memory_26,0.097,0.837,,,,,,,
case_080,5,ok,292138,169703,1.7214663264644703,8073216,178639,1.0526567002351166,v2_critical_32,0.102,0.892,,,,,,,
case_081,2,ok,151795,94710,1.6027346637102735,0,173881,1.835930735930736,v3_idblock_32,0.391,3.22,,,,,,,
case_081,3,ok,151795,57333,2.647602602340711,0,127883,2.2305304100605237,v3_idblock_32,0.407,3.057,,,,,,,
case_081,4,ok,151795,57333,2.647602602340711,0,131143,2.287391205762824,v3_idblock_32,0.402,3.091,,,,,,,
case_081,5,ok,151795,57333,2.647602602340711,0,129088,2.2515479741161286,v3_idblock_32,0.408,3.118,,,,,,,
case_082,2,ok,721041,681649,1.0577892727782188,0,749763,1.0999253281380887,v3_idblock_32,0.444,2.756,,,,,,,
case_082,3,ok,721041,681649,1.0577892727782188,0,768622,1.1275920598431157,v3_idblock_32,0.433,2.713,,,,,,,
case_082,4,ok,721041,681649,1.0577892727782188,0,793359,1.1638819979197506,v3_idblock_32,0.431,2.802,,,,,,,
case_082,5,ok,721041,681649,1.0577892727782188,0,826477,1.2124671201747528,v3_idblock_32,0.441,2.855,,,,,,,
case_083,2,ok,1057993,644672,1.6411337858631987,14241216,873836,1.3554737913233397,v3_idblock_32,0.391,2.778,,,,,,,
case_083,3,ok,1057993,630917,1.676913128034274,14643200,868210,1.3761081093075633,v3_idblock_32,0.376,2.821,,,,,,,
case_083,4,ok,1057993,450029,2.350944050272316,14977600,867660,1.9280090838590402,v3_idblock_32,0.392,2.877,,,,,,,
case_083,5,ok,1057993,450029,2.350944050272316,14977600,860369,1.911807905712743,v3_idblock_32,0.392,2.749,,,,,,,
case_084,2,ok,2507412,1266692,1.9794961995496931,0,1788452,1.4119075513226578,v3_idblock_128,0.975,16.583,,,,,,,
case_084,3,ok,2507412,857068,2.9255694997363104,0,1683881,1.9646994170824252,v3_idblock_128,1.254,15.525,,,,,,,
case_084,4,ok,2507412,633788,3.9562314212323364,0,1437840,2.2686450358795054,v3_idblock_128,1.545,16.824,,,,,,,
case_084,5,ok,2507412,522096,4.802588029787625,0,1361837,2.608403435383531,v3_idblock_128,1.571,14.921,,,,,,,
case_085,2,ok,3187899,3052200,1.0444594063298605,203398,3403566,1.1151189306074307,v3_idblock_128,1.952,33.071,,,,,,,
case_085,3,ok,3187899,3052200,1.0444594063298605,203398,3403566,1.1151189306074307,v3_idblock_128,1.987,33.531,,,,,,,
case_085,4,ok,3187899,3052200,1.0444594063298605,203398,3403566,1.1151189306074307,v3_idblock_128,2.033,32.856,,,,,,,
case_085,5,ok,3187899,3052200,1.0444594063298605,203398,3441764,1.1276338378874255,v3_idblock_128,1.984,32.568,,,,,,,
case_086,2,ok,118403,112571,1.0518073038349132,0,114580,1.0178465146440914,v3_idblock_512,0.484,3.697,,,,,,,
case_086,3,ok,118403,110029,1.0761072080996827,30724,110029,1.0,v1,0.574,3.76,,,,,,,
case_086,4,ok,118403,112571,1.0518073038349132,0,117711,1.0456600723099199,v3_idblock_512,0.577,3.811,,,,,,,
case_086,5,ok,118403,112571,1.0518073038349132,0,115066,1.0221637899636673,v3_idblock_512,0.57,3.895,,,,,,,
case_087,2,ok,3974071,2517783,1.5784009185859147,34507688,4009566,1.5924986386833178,v2_reuse_332,3.008,61.474,,,,,,,
case_087,3,ok,3974071,2518279,1.578090036886302,34862504,4009566,1.5921849802980528,v2_reuse_332,3.044,62.871,,,,,,,
case_087,4,ok,3974071,2465824,1.6116604429188783,35296616,4009566,1.626055225352661,v2_memory_332,3.115,60.384,,,,,,,
case_087,5,ok,3974071,2383187,1.667544762538567,35766632,4009566,1.682438683997521,v2_memory_332,3.122,63.989,,,,,,,
case_088,2,ok,243623,216864,1.1233906964733658,170772,236930,1.0925280360041316,v3_idblock_32,0.336,1.987,,,,,,,
case_088,3,ok,243623,205371,1.186258040327018,169984,227416,1.107342321944189,v2_memory_244,0.342,2.065,,,,,,,
case_088,4,ok,243623,201896,1.206675714229108,285440,231997,1.1490916115227643,v2_reuse_119,0.349,2.005,,,,,,,
case_088,5,ok,243623,215746,1.1292121290777117,231998,237367,1.100215067718521,v3_idblock_32,0.362,2.079,,,,,,,
case_089,2,ok,693092,346832,1.998350786547954,238720,679120,1.958066153065461,v3_idblock_128,0.444,3.496,,,,,,,
case_089,3,ok,693092,243614,2.8450417463692563,477440,667964,2.741894964985592,v3_idblock_128,0.559,3.612,,,,,,,
case_089,4,ok,693092,178160,3.8902784014369107,716160,659400,3.701167489896722,v3_idblock_128,0.575,3.455,,,,,,,
case_089,5,ok,693092,147432,4.701096098540344,954880,654900,4.442047859352108,v3_idblock_128,0.555,3.315,,,,,,,
case_090,2,ok,1178363,769224,1.5318853805913493,21498480,928663,1.2072725239982112,v3_idblock_32,0.155,0.914,,,,,,,
case_090,3,ok,1178363,657430,1.7923778957455547,21438504,901199,1.3707908066258006,v3_idblock_32,0.158,0.96,,,,,,,
case_090,4,ok,1178363,608275,1.9372208293945994,21392136,889446,1.4622432288027618,v3_idblock_32,0.156,0.939,,,,,,,
case_090,5,ok,1178363,542638,2.171545302761694,21724704,893441,1.6464770251991199,v3_idblock_32,0.161,0.936,,,,,,,
case_091,2,ok,9186769,4684571,1.9610694341061328,40225296,6950208,1.483638096209877,v3_idblock_128,3.727,108.577,,,,,,,
case_091,3,ok,9186769,3798040,2.4188183905382776,41210452,5268776,1.3872355214795,v3_idblock_128,3.772,93.792,,,,,,,
case_091,4,ok,9186769,2384682,3.8524084133649685,41774808,4482620,1.879755875206841,v3_idblock_128,3.866,86.349,,,,,,,
case_091,5,ok,9186769,2349753,3.909674335983399,42311316,4095909,1.7431232133760441,v3_idblock_128,3.851,83.762,,,,,,,
case_092,2,ok,4815554,3035001,1.586672953320279,66188960,4168791,1.3735715408331002,v3_idblock_128,1.563,33.081,,,,,,,
case_092,3,ok,4815554,2673240,1.801392317936287,66639392,4168791,1.559452574404094,v3_idblock_128,1.429,32.368,,,,,,,
case_092,4,ok,4815554,2205995,2.182939671214123,67078464,4168791,1.8897554164900645,v3_idblock_128,1.529,32.385,,,,,,,
case_092,5,ok,4815554,1842267,2.6139283828022757,67366048,4172340,2.264785723242071,v3_idblock_128,1.944,35.377,,,,,,,
case_093,2,ok,74205,38899,1.907632586955963,8192,46070,1.1843492120620067,v3_idblock_32,0.054,0.347,,,,,,,
case_093,3,ok,74205,26140,2.838752869166029,16384,32177,1.2309487375669472,v3_idblock_32,0.052,0.367,,,,,,,
case_093,4,ok,74205,21923,3.384801350180176,24576,35595,1.6236372759202664,v3_idblock_32,0.055,0.373,,,,,,,
case_093,5,ok,74205,17950,4.133983286908078,32768,37415,2.0844011142061283,v3_idblock_32,0.055,0.386,,,,,,,
case_094,2,ok,94892,54828,1.7307215291456919,693248,70351,1.2831217626030496,v2_reuse_30,0.064,0.316,,,,,,,
case_094,3,ok,94892,57364,1.6542082142110035,410628,69257,1.2073251516630639,v2_memory_72,0.064,0.315,,,,,,,
case_094,4,ok,94892,55520,1.709149855907781,824836,69257,1.2474243515850143,v2_memory_24,0.066,0.313,,,,,,,
case_094,5,ok,94892,55520,1.709149855907781,824836,69257,1.2474243515850143,v2_memory_24,0.065,0.325,,,,,,,
case_095,2,ok,2084853,1047299,1.9906951119021405,0,2469400,2.3578748762292334,v3_idblock_32,0.574,5.136,,,,,,,
case_095,3,ok,2084853,704593,2.958946512383745,0,2274143,3.2275980601567147,v3_idblock_32,0.575,5.211,,,,,,,
case_095,4,ok,2084853,524525,3.974744769076784,0,2126184,4.053541775892474,v3_idblock_32,0.59,5.13,,,,,,,
case_095,5,ok,2084853,425261,4.90252574301429,0,2206053,5.187527189184995,v3_idblock_32,0.58,4.92,,,,,,,
case_096,2,ok,84194,71323,1.1804607209455575,155648,71323,1.0,v1,0.117,0.56,,,,,,,
case_096,3,ok,84194,68430,1.2303667981879294,155136,69198,1.0112231477422182,v2_reuse_58,0.116,0.552,,,,,,,
case_096,4,ok,84194,64681,1.3016805553408266,159744,64681,1.0,v1,0.118,0.573,,,,,,,
case_096,5,ok,84194,65598,1.2834842525686758,307756,67039,1.0219671331443032,v2_reuse_35,0.116,0.568,,,,,,,
case_097,2,ok,11491509,11122554,1.0331717877027164,96172032,11672907,1.0494808116912717,v2_critical_306,0.565,11.211,,,,,,,
case_097,3,ok,11491509,10636505,1.0803839231025605,102809600,11178066,1.0509153147579962,v2_critical_204,0.676,11.687,,,,,,,
case_097,4,ok,11491509,10661424,1.0778587363189007,109330432,10921372,1.0243821088064784,v2_critical_153,0.654,11.956,,,,,,,
case_097,5,ok,11491509,10414151,1.1034513519152929,113401856,10803082,1.0373463953038515,v2_memory_122,0.653,11.909,,,,,,,
case_098,2,ok,177430,128795,1.3776155906673395,12344,197958,1.537000659963508,v3_idblock_32,0.131,0.721,,,,,,,
case_098,3,ok,177430,128864,1.3768779488452942,61512,207095,1.6070818847777502,v3_idblock_32,0.129,0.71,,,,,,,
case_098,4,ok,177430,128933,1.3761410965385124,94280,219998,1.7062970690203438,v3_idblock_32,0.131,0.722,,,,,,,
case_098,5,ok,177430,129002,1.3754050324801166,110680,219695,1.703035611850979,v3_idblock_32,0.133,0.778,,,,,,,
case_099,2,ok,1622999,1048261,1.5482775759090532,14188544,1171557,1.1176195623036629,v2_memory_450,0.615,8.503,,,,,,,
case_099,3,ok,1622999,804694,2.016914504146918,15745024,1073755,1.3343643670761804,v2_memory_300,0.746,8.637,,,,,,,
case_099,4,ok,1622999,717671,2.2614805391328336,17346560,794460,1.1069974960671394,v2_memory_146,0.75,8.563,,,,,,,
case_099,5,ok,1622999,619930,2.6180359072798542,18247808,666779,1.0755714354846515,v2_memory_117,0.74,7.759,,,,,,,
case_100,2,ok,151223,137798,1.0974252166214313,2138112,137798,1.0,v1,0.138,0.704,,,,,,,
case_100,3,ok,151223,103764,1.4573744265834008,352256,145501,1.4022300605219538,v2_memory_67,0.138,0.711,,,,,,,
case_100,4,ok,151223,102094,1.4812133915803083,196608,151250,1.4814778537426294,v2_memory_112,0.138,0.7,,,,,,,
case_100,5,ok,151223,109822,1.3769827539108739,1135872,159539,1.4527052867367194,v2_memory_26,0.143,0.758,,,,,,,
