case,cores,scene,ops,critical_compute_cycles,pipe_work_lower_bound,lower_bound,makespan,makespan_over_compute_bound
case_001,2,A,600,1316,116400.0,116400.0,126250,1.0846219931271477
case_001,2,B,600,1316,116400.0,116400.0,121455,1.0434278350515465
case_001,2,L2,600,1316,116400.0,116400.0,121455,1.0434278350515465
case_001,3,A,600,1316,77600.0,77600.0,86275,1.111791237113402
case_001,3,B,600,1316,77600.0,77600.0,84296,1.0862886597938144
case_001,3,L2,600,1316,77600.0,77600.0,84296,1.0862886597938144
case_001,4,A,600,1316,58200.0,58200.0,76642,1.316872852233677
case_001,4,B,600,1316,58200.0,58200.0,71177,1.2229725085910652
case_001,4,L2,600,1316,58200.0,58200.0,71177,1.2229725085910652
case_001,5,A,600,1316,46560.0,46560.0,76642,1.6460910652920961
case_001,5,B,600,1316,46560.0,46560.0,60723,1.3041881443298968
case_001,5,L2,600,1316,46560.0,46560.0,55999,1.2027276632302406
case_002,2,A,1798,2976,120000.0,120000.0,147303,1.227525
case_002,2,B,1798,2976,120000.0,120000.0,137914,1.1492833333333334
case_002,2,L2,1798,2976,120000.0,120000.0,137914,1.1492833333333334
case_002,3,A,1798,2976,80000.0,80000.0,105162,1.314525
case_002,3,B,1798,2976,80000.0,80000.0,92929,1.1616125
case_002,3,L2,1798,2976,80000.0,80000.0,92929,1.1616125
case_002,4,A,1798,2976,60000.0,60000.0,84137,1.4022833333333333
case_002,4,B,1798,2976,60000.0,60000.0,72180,1.203
case_002,4,L2,1798,2976,60000.0,60000.0,72180,1.203
case_002,5,A,1798,2976,48000.0,48000.0,70739,1.4737291666666668
case_002,5,B,1798,2976,48000.0,48000.0,61331,1.2777291666666666
case_002,5,L2,1798,2976,48000.0,48000.0,61331,1.2777291666666666
case_003,2,A,13455,28285,219396.0,219396.0,596343,2.7181124541924193
case_003,2,B,13455,28285,219396.0,219396.0,571797,2.6062325657714815
case_003,2,L2,13455,28285,219396.0,219396.0,571798,2.6062371237397217
case_003,3,A,13455,28285,146264.0,146264.0,596343,4.0771686812886285
case_003,3,B,13455,28285,146264.0,146264.0,571797,3.9093488486572228
case_003,3,L2,13455,28285,146264.0,146264.0,571798,3.9093556856095826
case_003,4,A,13455,28285,109698.0,109698.0,596343,5.436224908384839
case_003,4,B,13455,28285,109698.0,109698.0,571797,5.212465131542963
case_003,4,L2,13455,28285,109698.0,109698.0,571798,5.212474247479443
case_003,5,A,13455,28285,87758.4,87758.4,596343,6.795281135481049
case_003,5,B,13455,28285,87758.4,87758.4,571797,6.515581414428705
case_003,5,L2,13455,28285,87758.4,87758.4,571798,6.515592809349305
case_004,2,A,777,2748,192807.0,192807.0,237239,1.2304480646449558
case_004,2,B,777,2748,192807.0,192807.0,220860,1.1454978294356533
case_004,2,L2,777,2748,192807.0,192807.0,220310,1.1426452359094845
case_004,3,A,777,2748,128538.0,128538.0,195531,1.521192176632591
case_004,3,B,777,2748,128538.0,128538.0,169219,1.3164900651947284
case_004,3,L2,777,2748,128538.0,128538.0,169045,1.3151363799032192
case_004,4,A,777,2748,96403.5,96403.5,147019,1.525037991359235
case_004,4,B,777,2748,96403.5,96403.5,118300,1.2271338696209162
case_004,4,L2,777,2748,96403.5,96403.5,118300,1.2271338696209162
case_004,5,A,777,2748,77122.8,77122.8,147019,1.9062974891990436
case_004,5,B,777,2748,77122.8,77122.8,118300,1.5339173370261452
case_004,5,L2,777,2748,77122.8,77122.8,118300,1.5339173370261452
case_005,2,A,4113,6894,31941.0,31941.0,97007,3.0370683447606526
case_005,2,B,4113,6894,31941.0,31941.0,90292,2.8268369806831344
case_005,2,L2,4113,6894,31941.0,31941.0,90292,2.8268369806831344
case_005,3,A,4113,6894,21294.0,21294.0,100098,4.700760777683855
case_005,3,B,4113,6894,21294.0,21294.0,88011,4.133136094674557
case_005,3,L2,4113,6894,21294.0,21294.0,88011,4.133136094674557
case_005,4,A,4113,6894,15970.5,15970.5,101830,6.376130991515607
case_005,4,B,4113,6894,15970.5,15970.5,90292,5.653673961366269
case_005,4,L2,4113,6894,15970.5,15970.5,90292,5.653673961366269
case_005,5,A,4113,6894,12776.4,12776.4,101530,7.946682946682947
case_005,5,B,4113,6894,12776.4,12776.4,89263,6.986553332707179
case_005,5,L2,4113,6894,12776.4,12776.4,89263,6.986553332707179
case_006,2,A,678,2836,34500.0,34500.0,48630,1.4095652173913042
case_006,2,B,678,2836,34500.0,34500.0,41771,1.2107536231884057
case_006,2,L2,678,2836,34500.0,34500.0,41771,1.2107536231884057
case_006,3,A,678,2836,23000.0,23000.0,48630,2.1143478260869566
case_006,3,B,678,2836,23000.0,23000.0,41447,1.8020434782608696
case_006,3,L2,678,2836,23000.0,23000.0,41447,1.8020434782608696
case_006,4,A,678,2836,17250.0,17250.0,48630,2.8191304347826085
case_006,4,B,678,2836,17250.0,17250.0,41447,2.4027246376811595
case_006,4,L2,678,2836,17250.0,17250.0,41447,2.4027246376811595
case_006,5,A,678,2836,13800.0,13800.0,48630,3.523913043478261
case_006,5,B,678,2836,13800.0,13800.0,41447,3.003405797101449
case_006,5,L2,678,2836,13800.0,13800.0,41447,3.003405797101449
case_007,2,A,3885,1632,489510.0,489510.0,555410,1.1346244203387061
case_007,2,B,3885,1632,489510.0,489510.0,525734,1.0740005311433882
case_007,2,L2,3885,1632,489510.0,489510.0,525734,1.0740005311433882
case_007,3,A,3885,1632,326340.0,326340.0,385570,1.1814978243549672
case_007,3,B,3885,1632,326340.0,326340.0,350836,1.0750628179199608
case_007,3,L2,3885,1632,326340.0,326340.0,350836,1.0750628179199608
case_007,4,A,3885,1632,244755.0,244755.0,321058,1.3117525688954261
case_007,4,B,3885,1632,244755.0,244755.0,292650,1.195685481399767
case_007,4,L2,3885,1632,244755.0,244755.0,292650,1.195685481399767
case_007,5,A,3885,1632,195804.0,195804.0,242692,1.2394639537496681
case_007,5,B,3885,1632,195804.0,195804.0,234764,1.1989744846887704
case_007,5,L2,3885,1632,195804.0,195804.0,234764,1.1989744846887704
case_008,2,A,864,4512,125064.0,125064.0,257495,2.0589058402098126
case_008,2,B,864,4512,125064.0,125064.0,253187,2.024459476747905
case_008,2,L2,864,4512,125064.0,125064.0,253187,2.024459476747905
case_008,3,A,864,4512,83376.0,83376.0,171575,2.057846382652082
case_008,3,B,864,4512,83376.0,83376.0,163359,1.9593048359240068
case_008,3,L2,864,4512,83376.0,83376.0,163359,1.9593048359240068
case_008,4,A,864,4512,62532.0,62532.0,135279,2.16335636154289
case_008,4,B,864,4512,62532.0,62532.0,127469,2.038460308322139
case_008,4,L2,864,4512,62532.0,62532.0,127469,2.038460308322139
case_008,5,A,864,4512,50025.6,50025.6,112711,2.2530664299878462
case_008,5,B,864,4512,50025.6,50025.6,109524,2.189359048167338
case_008,5,L2,864,4512,50025.6,50025.6,109524,2.189359048167338
case_009,2,A,5671,9965,59996.0,59996.0,148979,2.483148876591773
case_009,2,B,5671,9965,59996.0,59996.0,140176,2.3364224281618773
case_009,2,L2,5671,9965,59996.0,59996.0,140176,2.3364224281618773
case_009,3,A,5671,9965,39997.333333333336,39997.333333333336,148995,3.7251233415561034
case_009,3,B,5671,9965,39997.333333333336,39997.333333333336,140185,3.504858657243816
case_009,3,L2,5671,9965,39997.333333333336,39997.333333333336,140185,3.504858657243816
case_009,4,A,5671,9965,29998.0,29998.0,148995,4.966831122074805
case_009,4,B,5671,9965,29998.0,29998.0,140185,4.673144876325089
case_009,4,L2,5671,9965,29998.0,29998.0,140185,4.673144876325089
case_009,5,A,5671,9965,23998.4,23998.4,148995,6.208538902593506
case_009,5,B,5671,9965,23998.4,23998.4,140185,5.84143109540636
case_009,5,L2,5671,9965,23998.4,23998.4,140185,5.84143109540636
case_010,2,A,667,3146,27748.0,27748.0,86561,3.1195401470376245
case_010,2,B,667,3146,27748.0,27748.0,69261,2.496071788957763
case_010,2,L2,667,3146,27748.0,27748.0,69143,2.4918192302147903
case_010,3,A,667,3146,18498.666666666668,18498.666666666668,86561,4.679310220556436
case_010,3,B,667,3146,18498.666666666668,18498.666666666668,69505,3.7572978232665415
case_010,3,L2,667,3146,18498.666666666668,18498.666666666668,69505,3.7572978232665415
case_010,4,A,667,3146,13874.0,13874.0,86561,6.239080294075249
case_010,4,B,667,3146,13874.0,13874.0,69505,5.009730431022056
case_010,4,L2,667,3146,13874.0,13874.0,69505,5.009730431022056
case_010,5,A,667,3146,11099.2,11099.2,86561,7.79885036759406
case_010,5,B,667,3146,11099.2,11099.2,69505,6.262163038777569
case_010,5,L2,667,3146,11099.2,11099.2,69505,6.262163038777569
case_011,2,A,688,2120,92224.0,92224.0,187807,2.03642218945177
case_011,2,B,688,2120,92224.0,92224.0,156946,1.7017912907702983
case_011,2,L2,688,2120,92224.0,92224.0,156946,1.7017912907702983
case_011,3,A,688,2120,61482.666666666664,61482.666666666664,143946,2.3412452290076335
case_011,3,B,688,2120,61482.666666666664,61482.666666666664,98712,1.605525676613463
case_011,3,L2,688,2120,61482.666666666664,61482.666666666664,98712,1.605525676613463
case_011,4,A,688,2120,46112.0,46112.0,141497,3.0685504857737684
case_011,4,B,688,2120,46112.0,46112.0,97866,2.122354267869535
case_011,4,L2,688,2120,46112.0,46112.0,97866,2.122354267869535
case_011,5,A,688,2120,36889.6,36889.6,137967,3.7399971807772383
case_011,5,B,688,2120,36889.6,36889.6,95424,2.5867453157529496
case_011,5,L2,688,2120,36889.6,36889.6,92363,2.503767999653019
case_012,2,A,972,2506,17786.0,17786.0,59969,3.3716968402114023
case_012,2,B,972,2506,17786.0,17786.0,48771,2.742100528505566
case_012,2,L2,972,2506,17786.0,17786.0,48771,2.742100528505566
case_012,3,A,972,2506,11857.333333333334,11857.333333333334,60639,5.114050376700775
case_012,3,B,972,2506,11857.333333333334,11857.333333333334,48687,4.106066569211739
case_012,3,L2,972,2506,11857.333333333334,11857.333333333334,48538,4.0935005060159675
case_012,4,A,972,2506,8893.0,8893.0,62426,7.019678398740583
case_012,4,B,972,2506,8893.0,8893.0,47301,5.31890250759024
case_012,4,L2,972,2506,8893.0,8893.0,47024,5.287754413583717
case_012,5,A,972,2506,7114.4,7114.4,52911,7.437169684021141
case_012,5,B,972,2506,7114.4,7114.4,43077,6.054902732486226
case_012,5,L2,972,2506,7114.4,7114.4,43077,6.054902732486226
case_013,2,A,1968,400,131856.0,131856.0,140617,1.0664436961533794
case_013,2,B,1968,400,131856.0,131856.0,133235,1.0104583788375197
case_013,2,L2,1968,400,131856.0,131856.0,133235,1.0104583788375197
case_013,3,A,1968,400,87904.0,87904.0,95164,1.0825900982890426
case_013,3,B,1968,400,87904.0,87904.0,90425,1.0286790134692392
case_013,3,L2,1968,400,87904.0,87904.0,90425,1.0286790134692392
case_013,4,A,1968,400,65928.0,65928.0,71225,1.080345225094042
case_013,4,B,1968,400,65928.0,65928.0,69091,1.0479765805120738
case_013,4,L2,1968,400,65928.0,65928.0,69091,1.0479765805120738
case_013,5,A,1968,400,52742.4,52742.4,61134,1.159105387695668
case_013,5,B,1968,400,52742.4,52742.4,56507,1.0713771083606358
case_013,5,L2,1968,400,52742.4,52742.4,56507,1.0713771083606358
case_014,2,A,35705,31968,8612874.0,8612874.0,9550188,1.1088270883795583
case_014,2,B,35705,31968,8612874.0,8612874.0,9902600,1.1497439762848034
case_014,2,L2,35705,31968,8612874.0,8612874.0,9874400,1.1464698078713331
case_014,3,A,35705,31968,5741916.0,5741916.0,7332532,1.2770183332532208
case_014,3,B,35705,31968,5741916.0,5741916.0,7563397,1.3172252955285308
case_014,3,L2,35705,31968,5741916.0,5741916.0,7519563,1.309591258388315
case_014,4,A,35705,31968,4306437.0,4306437.0,5413603,1.2570955989835682
case_014,4,B,35705,31968,4306437.0,4306437.0,5602354,1.3009255679346987
case_014,4,L2,35705,31968,4306437.0,4306437.0,5546331,1.2879164376490355
case_014,5,A,35705,31968,3445149.6,3445149.6,4711807,1.3676639760433045
case_014,5,B,35705,31968,3445149.6,3445149.6,4785092,1.388935911520359
case_014,5,L2,35705,31968,3445149.6,3445149.6,4704963,1.3656774149952733
case_015,2,A,1013,7913,50748.5,50748.5,171473,3.3788781934441414
case_015,2,B,1013,7913,50748.5,50748.5,159451,3.1419844921524773
case_015,2,L2,1013,7913,50748.5,50748.5,159209,3.137215878301822
case_015,3,A,1013,7913,33832.333333333336,33832.333333333336,179988,5.319999605899682
case_015,3,B,1013,7913,33832.333333333336,33832.333333333336,175090,5.175226853995684
case_015,3,L2,1013,7913,33832.333333333336,33832.333333333336,175090,5.175226853995684
case_015,4,A,1013,7913,25374.25,25374.25,179988,7.0933328078662425
case_015,4,B,1013,7913,25374.25,25374.25,172354,6.792476624924874
case_015,4,L2,1013,7913,25374.25,25374.25,165249,6.512468348818191
case_015,5,A,1013,7913,20299.4,20299.4,179988,8.866666009832802
case_015,5,B,1013,7913,20299.4,20299.4,172413,8.493502271003083
case_015,5,L2,1013,7913,20299.4,20299.4,165308,8.14349192586973
case_016,2,A,17995,655140,3857487.5,3857487.5,7749845,2.009039562668706
case_016,2,B,17995,655140,3857487.5,3857487.5,7715523,2.0001420613806267
case_016,2,L2,17995,655140,3857487.5,3857487.5,7715523,2.0001420613806267
case_016,3,A,17995,655140,2571658.3333333335,2571658.3333333335,7749845,3.013559344003059
case_016,3,B,17995,655140,2571658.3333333335,2571658.3333333335,7715523,3.00021309207094
case_016,3,L2,17995,655140,2571658.3333333335,2571658.3333333335,7715523,3.00021309207094
case_016,4,A,17995,655140,1928743.75,1928743.75,7749845,4.018079125337412
case_016,4,B,17995,655140,1928743.75,1928743.75,7715523,4.000284122761253
case_016,4,L2,17995,655140,1928743.75,1928743.75,7715523,4.000284122761253
case_016,5,A,17995,655140,1542995.0,1542995.0,7749845,5.022598906671765
case_016,5,B,17995,655140,1542995.0,1542995.0,7715523,5.000355153451567
case_016,5,L2,17995,655140,1542995.0,1542995.0,7715523,5.000355153451567
case_017,2,A,1373,5980,55300.0,55300.0,155144,2.805497287522604
case_017,2,B,1373,5980,55300.0,55300.0,145843,2.6373056057866187
case_017,2,L2,1373,5980,55300.0,55300.0,145843,2.6373056057866187
case_017,3,A,1373,5980,36866.666666666664,36866.666666666664,149823,4.063915009041591
case_017,3,B,1373,5980,36866.666666666664,36866.666666666664,140333,3.8065009041591322
case_017,3,L2,1373,5980,36866.666666666664,36866.666666666664,140162,3.801862567811935
case_017,4,A,1373,5980,27650.0,27650.0,125584,4.541916817359855
case_017,4,B,1373,5980,27650.0,27650.0,121440,4.392043399638337
case_017,4,L2,1373,5980,27650.0,27650.0,121167,4.382169981916817
case_017,5,A,1373,5980,22120.0,22120.0,128234,5.797197106690778
case_017,5,B,1373,5980,22120.0,22120.0,120842,5.463019891500904
case_017,5,L2,1373,5980,22120.0,22120.0,120660,5.454792043399638
case_018,2,A,2727,3539,485660.0,485660.0,558220,1.149404933492567
case_018,2,B,2727,3539,485660.0,485660.0,547838,1.128027838405469
case_018,2,L2,2727,3539,485660.0,485660.0,546657,1.1255960960342626
case_018,3,A,2727,3539,323773.3333333333,323773.3333333333,483864,1.4944529094428203
case_018,3,B,2727,3539,323773.3333333333,323773.3333333333,453259,1.3999269035951079
case_018,3,L2,2727,3539,323773.3333333333,323773.3333333333,453155,1.3996056912243133
case_018,4,A,2727,3539,242830.0,242830.0,466783,1.9222624881604415
case_018,4,B,2727,3539,242830.0,242830.0,364373,1.5005271177366881
case_018,4,L2,2727,3539,242830.0,242830.0,364052,1.49920520528765
case_018,5,A,2727,3539,194264.0,194264.0,395743,2.0371401803731004
case_018,5,B,2727,3539,194264.0,194264.0,335776,1.7284520034592101
case_018,5,L2,2727,3539,194264.0,194264.0,335314,1.7260737964831363
case_019,2,A,647,12234,24218.0,24218.0,68700,2.83673300850607
case_019,2,B,647,12234,24218.0,24218.0,63007,2.60165992237179
case_019,2,L2,647,12234,24218.0,24218.0,63007,2.60165992237179
case_019,3,A,647,12234,16145.333333333334,16145.333333333334,57340,3.5514906268065074
case_019,3,B,647,12234,16145.333333333334,16145.333333333334,50217,3.110310512841688
case_019,3,L2,647,12234,16145.333333333334,16145.333333333334,50217,3.110310512841688
case_019,4,A,647,12234,12109.0,12234,57340,4.686938041523622
case_019,4,B,647,12234,12109.0,12234,47922,3.9171162334477687
case_019,4,L2,647,12234,12109.0,12234,47922,3.9171162334477687
case_019,5,A,647,12234,9687.2,12234,57340,4.686938041523622
case_019,5,B,647,12234,9687.2,12234,47922,3.9171162334477687
case_019,5,L2,647,12234,9687.2,12234,47922,3.9171162334477687
case_020,2,A,7008,1824,266304.0,266304.0,321471,1.2071579848594087
case_020,2,B,7008,1824,266304.0,266304.0,309071,1.1605946587358809
case_020,2,L2,7008,1824,266304.0,266304.0,309071,1.1605946587358809
case_020,3,A,7008,1824,177536.0,177536.0,233465,1.3150290645277578
case_020,3,B,7008,1824,177536.0,177536.0,224020,1.2618285868781542
case_020,3,L2,7008,1824,177536.0,177536.0,224020,1.2618285868781542
case_020,4,A,7008,1824,133152.0,133152.0,233465,1.7533720860370103
case_020,4,B,7008,1824,133152.0,133152.0,224020,1.682438115837539
case_020,4,L2,7008,1824,133152.0,133152.0,224020,1.682438115837539
case_020,5,A,7008,1824,106521.6,106521.6,233465,2.191715107546263
case_020,5,B,7008,1824,106521.6,106521.6,224020,2.1030476447969235
case_020,5,L2,7008,1824,106521.6,106521.6,224020,2.1030476447969235
case_021,2,A,3920,5544,3096000.0,3096000.0,3995901,1.2906656976744186
case_021,2,B,3920,5544,3096000.0,3096000.0,3787296,1.2232868217054265
case_021,2,L2,3920,5544,3096000.0,3096000.0,3787036,1.223202842377261
case_021,3,A,3920,5544,2064000.0,2064000.0,2746591,1.3307126937984497
case_021,3,B,3920,5544,2064000.0,2064000.0,2519153,1.2205198643410853
case_021,3,L2,3920,5544,2064000.0,2064000.0,2519049,1.2204694767441862
case_021,4,A,3920,5544,1548000.0,1548000.0,2629922,1.6989160206718346
case_021,4,B,3920,5544,1548000.0,1548000.0,2519153,1.6273598191214471
case_021,4,L2,3920,5544,1548000.0,1548000.0,2519049,1.6272926356589148
case_021,5,A,3920,5544,1238400.0,1238400.0,2329464,1.8810271317829457
case_021,5,B,3920,5544,1238400.0,1238400.0,2138091,1.7264946705426356
case_021,5,L2,3920,5544,1238400.0,1238400.0,2132790,1.7222141472868218
case_022,2,A,1356,1986,27043.5,27043.5,52305,1.9341061622940818
case_022,2,B,1356,1986,27043.5,27043.5,49693,1.8375210309316472
case_022,2,L2,1356,1986,27043.5,27043.5,49693,1.8375210309316472
case_022,3,A,1356,1986,18029.0,18029.0,41501,2.3019024904320817
case_022,3,B,1356,1986,18029.0,18029.0,34154,1.8943923678517944
case_022,3,L2,1356,1986,18029.0,18029.0,34154,1.8943923678517944
case_022,4,A,1356,1986,13521.75,13521.75,52305,3.8682123245881637
case_022,4,B,1356,1986,13521.75,13521.75,49693,3.6750420618632944
case_022,4,L2,1356,1986,13521.75,13521.75,49693,3.6750420618632944
case_022,5,A,1356,1986,10817.4,10817.4,52305,4.835265405735204
case_022,5,B,1356,1986,10817.4,10817.4,48370,4.471499620981012
case_022,5,L2,1356,1986,10817.4,10817.4,47832,4.421764934272561
case_023,2,A,1011,4218,34779.0,34779.0,99541,2.862100692946893
case_023,2,B,1011,4218,34779.0,34779.0,92534,2.660628540211047
case_023,2,L2,1011,4218,34779.0,34779.0,92534,2.660628540211047
case_023,3,A,1011,4218,23186.0,23186.0,116254,5.0139739497972915
case_023,3,B,1011,4218,23186.0,23186.0,98794,4.26093332183214
case_023,3,L2,1011,4218,23186.0,23186.0,98794,4.26093332183214
case_023,4,A,1011,4218,17389.5,17389.5,94325,5.424250265965094
case_023,4,B,1011,4218,17389.5,17389.5,79611,4.57810747865091
case_023,4,L2,1011,4218,17389.5,17389.5,79559,4.575117168406222
case_023,5,A,1011,4218,13911.6,13911.6,121320,8.720779780902268
case_023,5,B,1011,4218,13911.6,13911.6,96450,6.933063055291987
case_023,5,L2,1011,4218,13911.6,13911.6,96294,6.921849391874407
case_024,2,A,5959,216948,1277397.5,1277397.5,2566859,2.009444201980981
case_024,2,B,5959,216948,1277397.5,1277397.5,2555343,2.000428997238526
case_024,2,L2,5959,216948,1277397.5,1277397.5,2555343,2.000428997238526
case_024,3,A,5959,216948,851598.3333333334,851598.3333333334,2566859,3.0141663029714714
case_024,3,B,5959,216948,851598.3333333334,851598.3333333334,2555343,3.000643495857789
case_024,3,L2,5959,216948,851598.3333333334,851598.3333333334,2555343,3.000643495857789
case_024,4,A,5959,216948,638698.75,638698.75,2566859,4.018888403961962
case_024,4,B,5959,216948,638698.75,638698.75,2555343,4.000857994477052
case_024,4,L2,5959,216948,638698.75,638698.75,2555343,4.000857994477052
case_024,5,A,5959,216948,510959.0,510959.0,2566859,5.023610504952452
case_024,5,B,5959,216948,510959.0,510959.0,2555343,5.001072493096315
case_024,5,L2,5959,216948,510959.0,510959.0,2555343,5.001072493096315
case_025,2,A,18662,1632,2351412.0,2351412.0,2573888,1.094613789501797
case_025,2,B,18662,1632,2351412.0,2351412.0,2528486,1.0753053909735937
case_025,2,L2,18662,1632,2351412.0,2351412.0,2528486,1.0753053909735937
case_025,3,A,18662,1632,1567608.0,1567608.0,1675554,1.0688603273267296
case_025,3,B,18662,1632,1567608.0,1567608.0,1634932,1.0429469612301034
case_025,3,L2,18662,1632,1567608.0,1567608.0,1634932,1.0429469612301034
case_025,4,A,18662,1632,1175706.0,1175706.0,1402128,1.192583860250777
case_025,4,B,18662,1632,1175706.0,1175706.0,1361514,1.1580395098774694
case_025,4,L2,18662,1632,1175706.0,1175706.0,1361514,1.1580395098774694
case_025,5,A,18662,1632,940564.8,940564.8,1139358,1.2113551347020428
case_025,5,B,18662,1632,940564.8,940564.8,1128498,1.1998088807916265
case_025,5,L2,18662,1632,940564.8,940564.8,1128498,1.1998088807916265
case_026,2,A,636,4319,35384.0,35384.0,106154,3.0000565227221343
case_026,2,B,636,4319,35384.0,35384.0,100113,2.8293296405154873
case_026,2,L2,636,4319,35384.0,35384.0,100009,2.8263904589645037
case_026,3,A,636,4319,23589.333333333332,23589.333333333332,93428,3.9606036626723946
case_026,3,B,636,4319,23589.333333333332,23589.333333333332,100953,4.279603775717839
case_026,3,L2,636,4319,23589.333333333332,23589.333333333332,100745,4.270786231064888
case_026,4,A,636,4319,17692.0,17692.0,93428,5.280804883563192
case_026,4,B,636,4319,17692.0,17692.0,100953,5.706138367623785
case_026,4,L2,636,4319,17692.0,17692.0,100745,5.6943816414198505
case_026,5,A,636,4319,14153.6,14153.6,93428,6.60100610445399
case_026,5,B,636,4319,14153.6,14153.6,100953,7.132672959529731
case_026,5,L2,636,4319,14153.6,14153.6,100745,7.1179770517748135
case_027,2,A,1424,21048,1114560.0,1114560.0,2237602,2.007610178007465
case_027,2,B,1424,21048,1114560.0,1114560.0,2152984,1.9316896353718058
case_027,2,L2,1424,21048,1114560.0,1114560.0,2152914,1.9316268303186908
case_027,3,A,1424,21048,743040.0,743040.0,2084174,2.8049284022394487
case_027,3,B,1424,21048,743040.0,743040.0,2097794,2.8232585055986217
case_027,3,L2,1424,21048,743040.0,743040.0,2097794,2.8232585055986217
case_027,4,A,1424,21048,557280.0,557280.0,2122892,3.8093812805053116
case_027,4,B,1424,21048,557280.0,557280.0,2107619,3.7819749497559574
case_027,4,L2,1424,21048,557280.0,557280.0,2107619,3.7819749497559574
case_027,5,A,1424,21048,445824.0,445824.0,1649281,3.699399314527706
case_027,5,B,1424,21048,445824.0,445824.0,1568874,3.519043389319552
case_027,5,L2,1424,21048,445824.0,445824.0,1568874,3.519043389319552
case_028,2,A,19584,246816,19487304.0,19487304.0,20808437,1.0677945497232455
case_028,2,B,19584,246816,19487304.0,19487304.0,23638628,1.2130271072899566
case_028,2,L2,19584,246816,19487304.0,19487304.0,23615145,1.2118220663053236
case_028,3,A,19584,246816,12991536.0,12991536.0,14792144,1.138598546007185
case_028,3,B,19584,246816,12991536.0,12991536.0,16770711,1.2908951643593183
case_028,3,L2,19584,246816,12991536.0,12991536.0,16770711,1.2908951643593183
case_028,4,A,19584,246816,9743652.0,9743652.0,12041229,1.2358024486096177
case_028,4,B,19584,246816,9743652.0,9743652.0,13608312,1.3966336236146364
case_028,4,L2,19584,246816,9743652.0,9743652.0,13585418,1.3942839912591296
case_028,5,A,19584,246816,7794921.6,7794921.6,10194624,1.30785459086593
case_028,5,B,19584,246816,7794921.6,7794921.6,11491035,1.4741694130701712
case_028,5,L2,19584,246816,7794921.6,7794921.6,11450794,1.469006949345071
case_029,2,A,861,407,18742.5,18742.5,31196,1.664452447645725
case_029,2,B,861,407,18742.5,18742.5,25598,1.3657729758570094
case_029,2,L2,861,407,18742.5,18742.5,25587,1.365186074429772
case_029,3,A,861,407,12495.0,12495.0,32143,2.572468987595038
case_029,3,B,861,407,12495.0,12495.0,24029,1.9230892356942777
case_029,3,L2,861,407,12495.0,12495.0,23267,1.8621048419367747
case_029,4,A,861,407,9371.25,9371.25,29318,3.1285047352274242
case_029,4,B,861,407,9371.25,9371.25,18957,2.022889155662265
case_029,4,L2,861,407,9371.25,9371.25,17336,1.8499132986527944
case_029,5,A,861,407,7497.0,7497.0,29437,3.9265039349072963
case_029,5,B,861,407,7497.0,7497.0,18672,2.490596238495398
case_029,5,L2,861,407,7497.0,7497.0,15976,2.130985727624383
case_030,2,A,10070,1494,1388240.0,1388240.0,1831738,1.3194678153633377
case_030,2,B,10070,1494,1388240.0,1388240.0,1837434,1.3235708523021956
case_030,2,L2,10070,1494,1388240.0,1388240.0,1837077,1.3233136921569757
case_030,3,A,10070,1494,925493.3333333334,925493.3333333334,1458756,1.5761928773122802
case_030,3,B,10070,1494,925493.3333333334,925493.3333333334,1453694,1.5707233619547052
case_030,3,L2,10070,1494,925493.3333333334,925493.3333333334,1453597,1.570618552987956
case_030,4,A,10070,1494,694120.0,694120.0,968714,1.3956001844061545
case_030,4,B,10070,1494,694120.0,694120.0,964996,1.390243761885553
case_030,4,L2,10070,1494,694120.0,694120.0,964996,1.390243761885553
case_030,5,A,10070,1494,555296.0,555296.0,967196,1.7417665533337174
case_030,5,B,10070,1494,555296.0,555296.0,949813,1.7104625280931252
case_030,5,L2,10070,1494,555296.0,555296.0,949813,1.7104625280931252
case_031,2,A,6135,13057,667246.0,667246.0,965666,1.4472413472692232
case_031,2,B,6135,13057,667246.0,667246.0,979400,1.4678244605437873
case_031,2,L2,6135,13057,667246.0,667246.0,978441,1.4663872095149315
case_031,3,A,6135,13057,444830.6666666667,444830.6666666667,814389,1.8307842984446516
case_031,3,B,6135,13057,444830.6666666667,444830.6666666667,761308,1.7114557449576318
case_031,3,L2,6135,13057,444830.6666666667,444830.6666666667,761208,1.711230940312868
case_031,4,A,6135,13057,333623.0,333623.0,744312,2.2309972633781245
case_031,4,B,6135,13057,333623.0,333623.0,649328,1.9462926716683202
case_031,4,L2,6135,13057,333623.0,333623.0,642198,1.9249212434394511
case_031,5,A,6135,13057,266898.4,266898.4,666519,2.4972761170542794
case_031,5,B,6135,13057,266898.4,266898.4,611182,2.2899425399327984
case_031,5,L2,6135,13057,266898.4,266898.4,608612,2.280313407648753
case_032,2,A,827,1146,16997.5,16997.5,25100,1.4766877481982645
case_032,2,B,827,1146,16997.5,16997.5,22355,1.3151934107957053
case_032,2,L2,827,1146,16997.5,16997.5,22355,1.3151934107957053
case_032,3,A,827,1146,11331.666666666666,11331.666666666666,25100,2.215031622297397
case_032,3,B,827,1146,11331.666666666666,11331.666666666666,22355,1.972790116193558
case_032,3,L2,827,1146,11331.666666666666,11331.666666666666,22355,1.972790116193558
case_032,4,A,827,1146,8498.75,8498.75,25100,2.953375496396529
case_032,4,B,827,1146,8498.75,8498.75,22355,2.6303868215914106
case_032,4,L2,827,1146,8498.75,8498.75,22355,2.6303868215914106
case_032,5,A,827,1146,6799.0,6799.0,25100,3.6917193704956612
case_032,5,B,827,1146,6799.0,6799.0,22355,3.287983526989263
case_032,5,L2,827,1146,6799.0,6799.0,22355,3.287983526989263
case_033,2,A,3465,6300,864054.0,864054.0,1217345,1.4088760656162693
case_033,2,B,3465,6300,864054.0,864054.0,1140309,1.3197196008582797
case_033,2,L2,3465,6300,864054.0,864054.0,1140127,1.319508965874818
case_033,3,A,3465,6300,576036.0,576036.0,1051435,1.8252939052420334
case_033,3,B,3465,6300,576036.0,576036.0,931607,1.6172721843773652
case_033,3,L2,3465,6300,576036.0,576036.0,927441,1.6100399975001563
case_033,4,A,3465,6300,432027.0,432027.0,866215,2.005002002189678
case_033,4,B,3465,6300,432027.0,432027.0,801781,1.8558585458779198
case_033,4,L2,3465,6300,432027.0,432027.0,798368,1.8479585766630326
case_033,5,A,3465,6300,345621.6,345621.6,831841,2.406796913155891
case_033,5,B,3465,6300,345621.6,345621.6,654846,1.894690609614677
case_033,5,L2,3465,6300,345621.6,345621.6,645288,1.8670360880222765
case_034,2,A,3745,3677,374580.0,374580.0,632041,1.687332479043195
case_034,2,B,3745,3677,374580.0,374580.0,582284,1.5544983715094238
case_034,2,L2,3745,3677,374580.0,374580.0,582345,1.5546612205670352
case_034,3,A,3745,3677,249720.0,249720.0,574424,2.300272304981579
case_034,3,B,3745,3677,249720.0,249720.0,452095,1.8104076565753644
case_034,3,L2,3745,3677,249720.0,249720.0,443831,1.7773145923434246
case_034,4,A,3745,3677,187290.0,187290.0,543472,2.901767312723584
case_034,4,B,3745,3677,187290.0,187290.0,417648,2.2299535479737305
case_034,4,L2,3745,3677,187290.0,187290.0,405899,2.167221955256554
case_034,5,A,3745,3677,149832.0,149832.0,524341,3.4995261359389183
case_034,5,B,3745,3677,149832.0,149832.0,379671,2.5339780554220726
case_034,5,L2,3745,3677,149832.0,149832.0,354655,2.3670177265203693
case_035,2,A,3857,17200,71954.5,71954.5,172837,2.402031839565281
case_035,2,B,3857,17200,71954.5,71954.5,166405,2.3126420168300803
case_035,2,L2,3857,17200,71954.5,71954.5,166405,2.3126420168300803
case_035,3,A,3857,17200,47969.666666666664,47969.666666666664,159477,3.324538423587128
case_035,3,B,3857,17200,47969.666666666664,47969.666666666664,154722,3.2254132820046
case_035,3,L2,3857,17200,47969.666666666664,47969.666666666664,154722,3.2254132820046
case_035,4,A,3857,17200,35977.25,35977.25,171766,4.774294866895052
case_035,4,B,3857,17200,35977.25,35977.25,166414,4.625534191746173
case_035,4,L2,3857,17200,35977.25,35977.25,166414,4.625534191746173
case_035,5,A,3857,17200,28781.8,28781.8,173450,6.0263777804028935
case_035,5,B,3857,17200,28781.8,28781.8,155064,5.387571312426603
case_035,5,L2,3857,17200,28781.8,28781.8,155064,5.387571312426603
case_036,2,A,2400,1316,465600.0,465600.0,489418,1.051155498281787
case_036,2,B,2400,1316,465600.0,465600.0,484623,1.0408569587628866
case_036,2,L2,2400,1316,465600.0,465600.0,484623,1.0408569587628866
case_036,3,A,2400,1316,310400.0,310400.0,339856,1.094896907216495
case_036,3,B,2400,1316,310400.0,310400.0,335720,1.0815721649484535
case_036,3,L2,2400,1316,310400.0,310400.0,335720,1.0815721649484535
case_036,4,A,2400,1316,232800.0,232800.0,277990,1.194115120274914
case_036,4,B,2400,1316,232800.0,232800.0,261313,1.1224785223367697
case_036,4,L2,2400,1316,232800.0,232800.0,261313,1.1224785223367697
case_036,5,A,2400,1316,186240.0,186240.0,202355,1.0865281357388317
case_036,5,B,2400,1316,186240.0,186240.0,187182,1.0050579896907217
case_036,5,L2,2400,1316,186240.0,186240.0,187182,1.0050579896907217
case_037,2,A,780,904,104800.0,104800.0,178962,1.7076526717557252
case_037,2,B,780,904,104800.0,104800.0,130275,1.2430820610687023
case_037,2,L2,780,904,104800.0,104800.0,130275,1.2430820610687023
case_037,3,A,780,904,69866.66666666667,69866.66666666667,148003,2.1183635496183206
case_037,3,B,780,904,69866.66666666667,69866.66666666667,97643,1.3975620229007633
case_037,3,L2,780,904,69866.66666666667,69866.66666666667,97051,1.3890887404580152
case_037,4,A,780,904,52400.0,52400.0,143572,2.7399236641221374
case_037,4,B,780,904,52400.0,52400.0,77901,1.4866603053435115
case_037,4,L2,780,904,52400.0,52400.0,76975,1.4689885496183206
case_037,5,A,780,904,41920.0,41920.0,144126,3.4381202290076334
case_037,5,B,780,904,41920.0,41920.0,96013,2.2903864503816793
case_037,5,L2,780,904,41920.0,41920.0,78563,1.8741173664122137
case_038,2,A,5907,8754,662500.0,662500.0,996680,1.504422641509434
case_038,2,B,5907,8754,662500.0,662500.0,1003315,1.5144377358490566
case_038,2,L2,5907,8754,662500.0,662500.0,1002665,1.5134566037735848
case_038,3,A,5907,8754,441666.6666666667,441666.6666666667,800728,1.8129690566037735
case_038,3,B,5907,8754,441666.6666666667,441666.6666666667,726947,1.6459177358490564
case_038,3,L2,5907,8754,441666.6666666667,441666.6666666667,724168,1.6396256603773585
case_038,4,A,5907,8754,331250.0,331250.0,738877,2.2305720754716982
case_038,4,B,5907,8754,331250.0,331250.0,630747,1.9041418867924529
case_038,4,L2,5907,8754,331250.0,331250.0,610581,1.843263396226415
case_038,5,A,5907,8754,265000.0,265000.0,690532,2.605781132075472
case_038,5,B,5907,8754,265000.0,265000.0,486511,1.8358905660377358
case_038,5,L2,5907,8754,265000.0,265000.0,470351,1.7749094339622642
case_039,2,A,5250,784,688940.0,688940.0,1161752,1.6862890817778036
case_039,2,B,5250,784,688940.0,688940.0,1109763,1.6108267773681308
case_039,2,L2,5250,784,688940.0,688940.0,1109036,1.6097715330798037
case_039,3,A,5250,784,459293.3333333333,459293.3333333333,991429,2.1585965396115774
case_039,3,B,5250,784,459293.3333333333,459293.3333333333,870715,1.895771039568032
case_039,3,L2,5250,784,459293.3333333333,459293.3333333333,862206,1.8772447528086627
case_039,4,A,5250,784,344470.0,344470.0,914682,2.6553313786396493
case_039,4,B,5250,784,344470.0,344470.0,781512,2.2687374807675558
case_039,4,L2,5250,784,344470.0,344470.0,765826,2.223200859291085
case_039,5,A,5250,784,275576.0,275576.0,942701,3.420838534560339
case_039,5,B,5250,784,275576.0,275576.0,725256,2.6317821580979475
case_039,5,L2,5250,784,275576.0,275576.0,663704,2.4084245362440853
case_040,2,A,3083,16120,92875.5,92875.5,254090,2.7358129969690608
case_040,2,B,3083,16120,92875.5,92875.5,233260,2.511534258227412
case_040,2,L2,3083,16120,92875.5,92875.5,233224,2.5111466425483577
case_040,3,A,3083,16120,61917.0,61917.0,160779,2.5966858859440864
case_040,3,B,3083,16120,61917.0,61917.0,136890,2.2108629294054944
case_040,3,L2,3083,16120,61917.0,61917.0,136890,2.2108629294054944
case_040,4,A,3083,16120,46437.75,46437.75,259008,5.57753121113749
case_040,4,B,3083,16120,46437.75,46437.75,224384,4.8319309182723105
case_040,4,L2,3083,16120,46437.75,46437.75,224244,4.828916129657444
case_040,5,A,3083,16120,37150.2,37150.2,249304,6.710704114648105
case_040,5,B,3083,16120,37150.2,37150.2,224384,6.039913647840389
case_040,5,L2,3083,16120,37150.2,37150.2,224244,6.036145162071806
case_041,2,A,16594,1767,2947620.0,2947620.0,3760497,1.2757740142894947
case_041,2,B,16594,1767,2947620.0,2947620.0,3828012,1.2986789341909744
case_041,2,L2,16594,1767,2947620.0,2947620.0,3822661,1.296863571288022
case_041,3,A,16594,1767,1965080.0,1965080.0,2746735,1.3977726097665235
case_041,3,B,16594,1767,1965080.0,1965080.0,2799198,1.4244702505750402
case_041,3,L2,16594,1767,1965080.0,1965080.0,2793196,1.4214159219980866
case_041,4,A,16594,1767,1473810.0,1473810.0,2738426,1.8580590442458662
case_041,4,B,16594,1767,1473810.0,1473810.0,2806190,1.9040378339134625
case_041,4,L2,16594,1767,1473810.0,1473810.0,2801799,1.9010584810796507
case_041,5,A,16594,1767,1179048.0,1179048.0,2629769,2.230417251884571
case_041,5,B,16594,1767,1179048.0,1179048.0,2538948,2.153388157225151
case_041,5,L2,16594,1767,1179048.0,1179048.0,2511677,2.130258479722624
case_042,2,A,4733,5685,799538.0,799538.0,1079583,1.350258524297782
case_042,2,B,4733,5685,799538.0,799538.0,1125548,1.407747974455248
case_042,2,L2,4733,5685,799538.0,799538.0,1105706,1.3829311427349293
case_042,3,A,4733,5685,533025.3333333334,533025.3333333334,720869,1.3524103920013808
case_042,3,B,4733,5685,533025.3333333334,533025.3333333334,718353,1.3476901660709057
case_042,3,L2,4733,5685,533025.3333333334,533025.3333333334,714783,1.3409925481965834
case_042,4,A,4733,5685,399769.0,399769.0,720869,1.8032138560018411
case_042,4,B,4733,5685,399769.0,399769.0,718374,1.7969727517641438
case_042,4,L2,4733,5685,399769.0,399769.0,714275,1.7867193304133138
case_042,5,A,4733,5685,319815.2,319815.2,720869,2.2540173200023013
case_042,5,B,4733,5685,319815.2,319815.2,718446,2.246441069717762
case_042,5,L2,4733,5685,319815.2,319815.2,714275,2.233399163016642
case_043,2,A,9309,27474,258876.0,258876.0,648624,2.5055393315718724
case_043,2,B,9309,27474,258876.0,258876.0,624948,2.414082417837111
case_043,2,L2,9309,27474,258876.0,258876.0,624948,2.414082417837111
case_043,3,A,9309,27474,172584.0,172584.0,682631,3.955355073471469
case_043,3,B,9309,27474,172584.0,172584.0,662868,3.84084272006675
case_043,3,L2,9309,27474,172584.0,172584.0,662868,3.84084272006675
case_043,4,A,9309,27474,129438.0,129438.0,649058,5.014431619771628
case_043,4,B,9309,27474,129438.0,129438.0,625247,4.830474821922465
case_043,4,L2,9309,27474,129438.0,129438.0,625247,4.830474821922465
case_043,5,A,9309,27474,103550.4,103550.4,641197,6.192124801063057
case_043,5,B,9309,27474,103550.4,103550.4,619201,5.9797065004094625
case_043,5,L2,9309,27474,103550.4,103550.4,619201,5.9797065004094625
case_044,2,A,1364,7672,37202.0,37202.0,97598,2.6234611042417075
case_044,2,B,1364,7672,37202.0,37202.0,82297,2.212166012579969
case_044,2,L2,1364,7672,37202.0,37202.0,82297,2.212166012579969
case_044,3,A,1364,7672,24801.333333333332,24801.333333333332,103185,4.1604618031288645
case_044,3,B,1364,7672,24801.333333333332,24801.333333333332,81945,3.3040562335358317
case_044,3,L2,1364,7672,24801.333333333332,24801.333333333332,81945,3.3040562335358317
case_044,4,A,1364,7672,18601.0,18601.0,104367,5.6108273748723185
case_044,4,B,1364,7672,18601.0,18601.0,81511,4.38207623246062
case_044,4,L2,1364,7672,18601.0,18601.0,81511,4.38207623246062
case_044,5,A,1364,7672,14880.8,14880.8,107996,7.257405515832483
case_044,5,B,1364,7672,14880.8,14880.8,80741,5.42585076071179
case_044,5,L2,1364,7672,14880.8,14880.8,80741,5.42585076071179
case_045,2,A,1651,1824,62738.0,62738.0,111220,1.7727692945264433
case_045,2,B,1651,1824,62738.0,62738.0,107215,1.708932385476107
case_045,2,L2,1651,1824,62738.0,62738.0,107215,1.708932385476107
case_045,3,A,1651,1824,41825.333333333336,41825.333333333336,111220,2.659153941789665
case_045,3,B,1651,1824,41825.333333333336,41825.333333333336,107215,2.5633985782141604
case_045,3,L2,1651,1824,41825.333333333336,41825.333333333336,107215,2.5633985782141604
case_045,4,A,1651,1824,31369.0,31369.0,111220,3.5455385890528865
case_045,4,B,1651,1824,31369.0,31369.0,107215,3.417864770952214
case_045,4,L2,1651,1824,31369.0,31369.0,107215,3.417864770952214
case_045,5,A,1651,1824,25095.2,25095.2,111220,4.431923236316108
case_045,5,B,1651,1824,25095.2,25095.2,107215,4.272330963690267
case_045,5,L2,1651,1824,25095.2,25095.2,107215,4.272330963690267
case_046,2,A,992,28456,104624.0,104624.0,238289,2.2775749350053527
case_046,2,B,992,28456,104624.0,104624.0,224772,2.1483789570270684
case_046,2,L2,992,28456,104624.0,104624.0,224772,2.1483789570270684
case_046,3,A,992,28456,69749.33333333333,69749.33333333333,247084,3.5424567976754857
case_046,3,B,992,28456,69749.33333333333,69749.33333333333,221913,3.181578796452057
case_046,3,L2,992,28456,69749.33333333333,69749.33333333333,221913,3.181578796452057
case_046,4,A,992,28456,52312.0,52312.0,241210,4.610987918641994
case_046,4,B,992,28456,52312.0,52312.0,222475,4.252848294846307
case_046,4,L2,992,28456,52312.0,52312.0,222475,4.252848294846307
case_046,5,A,992,28456,41849.6,41849.6,247084,5.904094662792476
case_046,5,B,992,28456,41849.6,41849.6,221361,5.289441237192231
case_046,5,L2,992,28456,41849.6,41849.6,221361,5.289441237192231
case_047,2,A,13710,19990,129685.0,129685.0,325373,2.5089486062381927
case_047,2,B,13710,19990,129685.0,129685.0,313202,2.4150981223734433
case_047,2,L2,13710,19990,129685.0,129685.0,313202,2.4150981223734433
case_047,3,A,13710,19990,86456.66666666667,86456.66666666667,325373,3.7634229093572884
case_047,3,B,13710,19990,86456.66666666667,86456.66666666667,313202,3.622647183560165
case_047,3,L2,13710,19990,86456.66666666667,86456.66666666667,313202,3.622647183560165
case_047,4,A,13710,19990,64842.5,64842.5,325373,5.017897212476385
case_047,4,B,13710,19990,64842.5,64842.5,313202,4.830196244746887
case_047,4,L2,13710,19990,64842.5,64842.5,313202,4.830196244746887
case_047,5,A,13710,19990,51874.0,51874.0,325373,6.272371515595482
case_047,5,B,13710,19990,51874.0,51874.0,313202,6.037745305933608
case_047,5,L2,13710,19990,51874.0,51874.0,313202,6.037745305933608
case_048,2,A,1728,75960,69768.0,75960,218722,2.8794365455502895
case_048,2,B,1728,75960,69768.0,75960,202013,2.6594655081621905
case_048,2,L2,1728,75960,69768.0,75960,202013,2.6594655081621905
case_048,3,A,1728,75960,46512.0,75960,220333,2.900645076355977
case_048,3,B,1728,75960,46512.0,75960,202013,2.6594655081621905
case_048,3,L2,1728,75960,46512.0,75960,202013,2.6594655081621905
case_048,4,A,1728,75960,34884.0,75960,223656,2.944391785150079
case_048,4,B,1728,75960,34884.0,75960,202013,2.6594655081621905
case_048,4,L2,1728,75960,34884.0,75960,202013,2.6594655081621905
case_048,5,A,1728,75960,27907.2,75960,223316,2.9399157451290154
case_048,5,B,1728,75960,27907.2,75960,202013,2.6594655081621905
case_048,5,L2,1728,75960,27907.2,75960,202013,2.6594655081621905
case_049,2,A,4303,8921,82857.5,82857.5,206640,2.4939202848263586
case_049,2,B,4303,8921,82857.5,82857.5,170314,2.0555049331683914
case_049,2,L2,4303,8921,82857.5,82857.5,170314,2.0555049331683914
case_049,3,A,4303,8921,55238.333333333336,55238.333333333336,198794,3.598841384304378
case_049,3,B,4303,8921,55238.333333333336,55238.333333333336,169425,3.0671635036055878
case_049,3,L2,4303,8921,55238.333333333336,55238.333333333336,169425,3.0671635036055878
case_049,4,A,4303,8921,41428.75,41428.75,206813,4.992016413722355
case_049,4,B,4303,8921,41428.75,41428.75,169442,4.08996168119965
case_049,4,L2,4303,8921,41428.75,41428.75,169442,4.08996168119965
case_049,5,A,4303,8921,33143.0,33143.0,203701,6.146124370153577
case_049,5,B,4303,8921,33143.0,33143.0,169424,5.11190900039224
case_049,5,L2,4303,8921,33143.0,33143.0,169424,5.11190900039224
case_050,2,A,4555,6829,66705.5,66705.5,150995,2.2636064492433157
case_050,2,B,4555,6829,66705.5,66705.5,132809,1.9909752569128483
case_050,2,L2,4555,6829,66705.5,66705.5,132809,1.9909752569128483
case_050,3,A,4555,6829,44470.333333333336,44470.333333333336,149971,3.3723830868519085
case_050,3,B,4555,6829,44470.333333333336,44470.333333333336,131355,2.9537669307628307
case_050,3,L2,4555,6829,44470.333333333336,44470.333333333336,131355,2.9537669307628307
case_050,4,A,4555,6829,33352.75,33352.75,152482,4.571796928289271
case_050,4,B,4555,6829,33352.75,33352.75,131367,3.9387156981058533
case_050,4,L2,4555,6829,33352.75,33352.75,131367,3.9387156981058533
case_050,5,A,4555,6829,26682.2,26682.2,154285,5.782319299008328
case_050,5,B,4555,6829,26682.2,26682.2,131354,4.922907406435751
case_050,5,L2,4555,6829,26682.2,26682.2,131354,4.922907406435751
case_051,2,A,1416,51552,303540.0,303540.0,616642,2.031501614284773
case_051,2,B,1416,51552,303540.0,303540.0,607628,2.001805363378797
case_051,2,L2,1416,51552,303540.0,303540.0,607628,2.001805363378797
case_051,3,A,1416,51552,202360.0,202360.0,617598,3.0519766752322592
case_051,3,B,1416,51552,202360.0,202360.0,607628,3.002708045068195
case_051,3,L2,1416,51552,202360.0,202360.0,607628,3.002708045068195
case_051,4,A,1416,51552,151770.0,151770.0,617944,4.0715819990775515
case_051,4,B,1416,51552,151770.0,151770.0,607628,4.003610726757594
case_051,4,L2,1416,51552,151770.0,151770.0,607628,4.003610726757594
case_051,5,A,1416,51552,121416.0,121416.0,617944,5.089477498846939
case_051,5,B,1416,51552,121416.0,121416.0,607628,5.004513408446992
case_051,5,L2,1416,51552,121416.0,121416.0,607628,5.004513408446992
case_052,2,A,1008,3665,70764.0,70764.0,121885,1.7224153524390933
case_052,2,B,1008,3665,70764.0,70764.0,105362,1.488920920241931
case_052,2,L2,1008,3665,70764.0,70764.0,105362,1.488920920241931
case_052,3,A,1008,3665,47176.0,47176.0,123820,2.624639647278277
case_052,3,B,1008,3665,47176.0,47176.0,86844,1.8408512803120232
case_052,3,L2,1008,3665,47176.0,47176.0,86845,1.840872477530948
case_052,4,A,1008,3665,35382.0,35382.0,103472,2.924424848793172
case_052,4,B,1008,3665,35382.0,35382.0,62193,1.757758182126505
case_052,4,L2,1008,3665,35382.0,35382.0,62064,1.754112260471426
case_052,5,A,1008,3665,28305.6,28305.6,105737,3.7355505624328758
case_052,5,B,1008,3665,28305.6,28305.6,57238,2.022144028036855
case_052,5,L2,1008,3665,28305.6,28305.6,56423,1.9933511389972303
case_053,2,A,11670,56912,606363.0,606363.0,1428519,2.355880883233311
case_053,2,B,11670,56912,606363.0,606363.0,1400939,2.3103965776275928
case_053,2,L2,11670,56912,606363.0,606363.0,1400939,2.3103965776275928
case_053,3,A,11670,56912,404242.0,404242.0,1428465,3.533687741501378
case_053,3,B,11670,56912,404242.0,404242.0,1415169,3.5007965525601
case_053,3,L2,11670,56912,404242.0,404242.0,1412683,3.494646770993613
case_053,4,A,11670,56912,303181.5,303181.5,1408364,4.645283435829692
case_053,4,B,11670,56912,303181.5,303181.5,1394882,4.6008150233441025
case_053,4,L2,11670,56912,303181.5,303181.5,1394882,4.6008150233441025
case_053,5,A,11670,56912,242545.2,242545.2,1302010,5.36811283010342
case_053,5,B,11670,56912,242545.2,242545.2,1263079,5.207602541711813
case_053,5,L2,11670,56912,242545.2,242545.2,1263079,5.207602541711813
case_054,2,A,15751,20291,287108.0,287108.0,815359,2.839903450966187
case_054,2,B,15751,20291,287108.0,287108.0,790162,2.752142051074857
case_054,2,L2,15751,20291,287108.0,287108.0,790162,2.752142051074857
case_054,3,A,15751,20291,191405.33333333334,191405.33333333334,815359,4.25985517644928
case_054,3,B,15751,20291,191405.33333333334,191405.33333333334,790162,4.128213076612285
case_054,3,L2,15751,20291,191405.33333333334,191405.33333333334,790162,4.128213076612285
case_054,4,A,15751,20291,143554.0,143554.0,815359,5.679806901932374
case_054,4,B,15751,20291,143554.0,143554.0,790162,5.504284102149714
case_054,4,L2,15751,20291,143554.0,143554.0,790162,5.504284102149714
case_054,5,A,15751,20291,114843.2,114843.2,815359,7.099758627415468
case_054,5,B,15751,20291,114843.2,114843.2,790162,6.880355127687142
case_054,5,L2,15751,20291,114843.2,114843.2,790162,6.880355127687142
case_055,2,A,1236,6962,34524.5,34524.5,109152,3.161580906312908
case_055,2,B,1236,6962,34524.5,34524.5,101410,2.9373343567611405
case_055,2,L2,1236,6962,34524.5,34524.5,101410,2.9373343567611405
case_055,3,A,1236,6962,23016.333333333332,23016.333333333332,108981,4.73494185288708
case_055,3,B,1236,6962,23016.333333333332,23016.333333333332,101684,4.417906124636128
case_055,3,L2,1236,6962,23016.333333333332,23016.333333333332,101684,4.417906124636128
case_055,4,A,1236,6962,17262.25,17262.25,108981,6.31325580384944
case_055,4,B,1236,6962,17262.25,17262.25,101737,5.893611782936755
case_055,4,L2,1236,6962,17262.25,17262.25,101737,5.893611782936755
case_055,5,A,1236,6962,13809.8,13809.8,105931,7.67071210299932
case_055,5,B,1236,6962,13809.8,13809.8,85138,6.165042216397052
case_055,5,L2,1236,6962,13809.8,13809.8,84305,6.104722733131545
case_056,2,A,7678,13737,122976.5,122976.5,279524,2.272987115424492
case_056,2,B,7678,13737,122976.5,122976.5,272373,2.2148377942127153
case_056,2,L2,7678,13737,122976.5,122976.5,272373,2.2148377942127153
case_056,3,A,7678,13737,81984.33333333333,81984.33333333333,279524,3.4094806731367377
case_056,3,B,7678,13737,81984.33333333333,81984.33333333333,272373,3.3222566913190734
case_056,3,L2,7678,13737,81984.33333333333,81984.33333333333,272373,3.3222566913190734
case_056,4,A,7678,13737,61488.25,61488.25,279524,4.545974230848984
case_056,4,B,7678,13737,61488.25,61488.25,272362,4.429496692457502
case_056,4,L2,7678,13737,61488.25,61488.25,272362,4.429496692457502
case_056,5,A,7678,13737,49190.6,49190.6,279524,5.68246778856123
case_056,5,B,7678,13737,49190.6,49190.6,269650,5.481738380910174
case_056,5,L2,7678,13737,49190.6,49190.6,269650,5.481738380910174
case_057,2,A,865,8189,23782.5,23782.5,61720,2.595185535582887
case_057,2,B,865,8189,23782.5,23782.5,58996,2.480647534952171
case_057,2,L2,865,8189,23782.5,23782.5,58996,2.480647534952171
case_057,3,A,865,8189,15855.0,15855.0,58784,3.7076001261431726
case_057,3,B,865,8189,15855.0,15855.0,45955,2.8984547461368653
case_057,3,L2,865,8189,15855.0,15855.0,45687,2.8815515610217597
case_057,4,A,865,8189,11891.25,11891.25,60062,5.050940817828235
case_057,4,B,865,8189,11891.25,11891.25,45893,3.8593924103857877
case_057,4,L2,865,8189,11891.25,11891.25,41504,3.490297487648481
case_057,5,A,865,8189,9513.0,9513.0,60062,6.313676022285294
case_057,5,B,865,8189,9513.0,9513.0,45962,4.83149374540103
case_057,5,L2,865,8189,9513.0,9513.0,41504,4.3628718595606015
case_058,2,A,16575,746,2179485.0,2179485.0,2271285,1.042120042120042
case_058,2,B,16575,746,2179485.0,2179485.0,2222484,1.019728972670149
case_058,2,L2,16575,746,2179485.0,2179485.0,2222484,1.019728972670149
case_058,3,A,16575,746,1452990.0,1452990.0,2271285,1.5631800631800632
case_058,3,B,16575,746,1452990.0,1452990.0,2222484,1.5295934590052238
case_058,3,L2,16575,746,1452990.0,1452990.0,2222484,1.5295934590052238
case_058,4,A,16575,746,1089742.5,1089742.5,2271285,2.084240084240084
case_058,4,B,16575,746,1089742.5,1089742.5,2222484,2.039457945340298
case_058,4,L2,16575,746,1089742.5,1089742.5,2222484,2.039457945340298
case_058,5,A,16575,746,871794.0,871794.0,2271285,2.6053001053001053
case_058,5,B,16575,746,871794.0,871794.0,2222484,2.549322431675373
case_058,5,L2,16575,746,871794.0,871794.0,2222484,2.549322431675373
case_059,2,A,2752,2120,368896.0,368896.0,393296,1.0661433032616239
case_059,2,B,2752,2120,368896.0,368896.0,421538,1.1427014659958363
case_059,2,L2,2752,2120,368896.0,368896.0,410916,1.1139074427480915
case_059,3,A,2752,2120,245930.66666666666,245930.66666666666,393296,1.599214954892436
case_059,3,B,2752,2120,245930.66666666666,245930.66666666666,421538,1.7140521989937545
case_059,3,L2,2752,2120,245930.66666666666,245930.66666666666,410916,1.6708611641221374
case_059,4,A,2752,2120,184448.0,184448.0,393296,2.1322866065232478
case_059,4,B,2752,2120,184448.0,184448.0,364954,1.9786281228313671
case_059,4,L2,2752,2120,184448.0,184448.0,363886,1.9728378730048577
case_059,5,A,2752,2120,147558.4,147558.4,393296,2.66535825815406
case_059,5,B,2752,2120,147558.4,147558.4,316312,2.143639399722415
case_059,5,L2,2752,2120,147558.4,147558.4,315092,2.1353714868147122
case_060,2,A,5281,4252,360116.0,360116.0,778002,2.160420531162181
case_060,2,B,5281,4252,360116.0,360116.0,734932,2.0408201801641694
case_060,2,L2,5281,4252,360116.0,360116.0,734765,2.0403564407024404
case_060,3,A,5281,4252,240077.33333333334,240077.33333333334,732442,3.0508586122249497
case_060,3,B,5281,4252,240077.33333333334,240077.33333333334,613298,2.554585189216808
case_060,3,L2,5281,4252,240077.33333333334,240077.33333333334,602026,2.507633651379
case_060,4,A,5281,4252,180058.0,180058.0,695317,3.861627919892479
case_060,4,B,5281,4252,180058.0,180058.0,561614,3.1190727432271825
case_060,4,L2,5281,4252,180058.0,180058.0,542706,3.0140621355341057
case_060,5,A,5281,4252,144046.4,144046.4,694166,4.819044419020538
case_060,5,B,5281,4252,144046.4,144046.4,528035,3.6657285430250255
case_060,5,L2,5281,4252,144046.4,144046.4,503978,3.4987198569349878
case_061,2,A,1115,11506,35728.0,35728.0,80588,2.2555978504254366
case_061,2,B,1115,11506,35728.0,35728.0,70449,1.9718148231079267
case_061,2,L2,1115,11506,35728.0,35728.0,70449,1.9718148231079267
case_061,3,A,1115,11506,23818.666666666668,23818.666666666668,66362,2.7861341244961935
case_061,3,B,1115,11506,23818.666666666668,23818.666666666668,59890,2.5144144648454994
case_061,3,L2,1115,11506,23818.666666666668,23818.666666666668,59890,2.5144144648454994
case_061,4,A,1115,11506,17864.0,17864.0,65987,3.6938535602328706
case_061,4,B,1115,11506,17864.0,17864.0,49633,2.7783811016569637
case_061,4,L2,1115,11506,17864.0,17864.0,48799,2.7316950291088222
case_061,5,A,1115,11506,14291.2,14291.2,72806,5.094463725929243
case_061,5,B,1115,11506,14291.2,14291.2,53756,3.761475593372145
case_061,5,L2,1115,11506,14291.2,14291.2,53226,3.724389834303627
case_062,2,A,19636,3120,1309200.0,1309200.0,1576318,1.2040314695997556
case_062,2,B,19636,3120,1309200.0,1309200.0,1578661,1.2058211121295448
case_062,2,L2,19636,3120,1309200.0,1309200.0,1578661,1.2058211121295448
case_062,3,A,19636,3120,872800.0,872800.0,1082198,1.2399152153987167
case_062,3,B,19636,3120,872800.0,872800.0,1077503,1.2345359761686525
case_062,3,L2,19636,3120,872800.0,872800.0,1077503,1.2345359761686525
case_062,4,A,19636,3120,654600.0,654600.0,838835,1.2814466849984723
case_062,4,B,19636,3120,654600.0,654600.0,843519,1.288602199816682
case_062,4,L2,19636,3120,654600.0,654600.0,843519,1.288602199816682
case_062,5,A,19636,3120,523680.0,523680.0,700970,1.3385464405743965
case_062,5,B,19636,3120,523680.0,523680.0,699939,1.336577681026581
case_062,5,L2,19636,3120,523680.0,523680.0,699939,1.336577681026581
case_063,2,A,7360,3048,490800.0,490800.0,592588,1.2073920130399347
case_063,2,B,7360,3048,490800.0,490800.0,573727,1.1689629176854115
case_063,2,L2,7360,3048,490800.0,490800.0,573727,1.1689629176854115
case_063,3,A,7360,3048,327200.0,327200.0,423086,1.2930501222493886
case_063,3,B,7360,3048,327200.0,327200.0,401409,1.2268001222493887
case_063,3,L2,7360,3048,327200.0,327200.0,401409,1.2268001222493887
case_063,4,A,7360,3048,245400.0,245400.0,323755,1.3192950285248575
case_063,4,B,7360,3048,245400.0,245400.0,303778,1.2378891605541973
case_063,4,L2,7360,3048,245400.0,245400.0,303778,1.2378891605541973
case_063,5,A,7360,3048,196320.0,196320.0,278168,1.4169111654441728
case_063,5,B,7360,3048,196320.0,196320.0,257523,1.3117512224938874
case_063,5,L2,7360,3048,196320.0,196320.0,257523,1.3117512224938874
case_064,2,A,906,3528,7872.0,7872.0,19642,2.4951727642276422
case_064,2,B,906,3528,7872.0,7872.0,17014,2.161331300813008
case_064,2,L2,906,3528,7872.0,7872.0,17014,2.161331300813008
case_064,3,A,906,3528,5248.0,5248.0,20176,3.8445121951219514
case_064,3,B,906,3528,5248.0,5248.0,17014,3.2419969512195124
case_064,3,L2,906,3528,5248.0,5248.0,17014,3.2419969512195124
case_064,4,A,906,3528,3936.0,3936.0,20341,5.167936991869919
case_064,4,B,906,3528,3936.0,3936.0,17014,4.322662601626016
case_064,4,L2,906,3528,3936.0,3936.0,17014,4.322662601626016
case_064,5,A,906,3528,3148.8,3528,20341,5.765589569160998
case_064,5,B,906,3528,3148.8,3528,17014,4.822562358276644
case_064,5,L2,906,3528,3148.8,3528,17014,4.822562358276644
case_065,2,A,704,1265,14759.0,14759.0,35343,2.394674435937394
case_065,2,B,704,1265,14759.0,14759.0,32040,2.170878785825598
case_065,2,L2,704,1265,14759.0,14759.0,32040,2.170878785825598
case_065,3,A,704,1265,9839.333333333334,9839.333333333334,35480,3.6059353614743546
case_065,3,B,704,1265,9839.333333333334,9839.333333333334,32053,3.2576394064638525
case_065,3,L2,704,1265,9839.333333333334,9839.333333333334,32053,3.2576394064638525
case_065,4,A,704,1265,7379.5,7379.5,35480,4.807913815299139
case_065,4,B,704,1265,7379.5,7379.5,31395,4.2543532759672065
case_065,4,L2,704,1265,7379.5,7379.5,31385,4.252998170607765
case_065,5,A,704,1265,5903.6,5903.6,35480,6.009892269123924
case_065,5,B,704,1265,5903.6,5903.6,31395,5.317941594959008
case_065,5,L2,704,1265,5903.6,5903.6,31385,5.316247713259705
case_066,2,A,5962,32240,134847.0,134847.0,359437,2.6655172158075446
case_066,2,B,5962,32240,134847.0,134847.0,346874,2.5723523697227226
case_066,2,L2,5962,32240,134847.0,134847.0,346874,2.5723523697227226
case_066,3,A,5962,32240,89898.0,89898.0,359437,3.9982758237113174
case_066,3,B,5962,32240,89898.0,89898.0,347287,3.8631226501145743
case_066,3,L2,5962,32240,89898.0,89898.0,347287,3.8631226501145743
case_066,4,A,5962,32240,67423.5,67423.5,354773,5.261859737331939
case_066,4,B,5962,32240,67423.5,67423.5,347287,5.1508302001527655
case_066,4,L2,5962,32240,67423.5,67423.5,347287,5.1508302001527655
case_066,5,A,5962,32240,53938.8,53938.8,359437,6.663793039518862
case_066,5,B,5962,32240,53938.8,53938.8,338501,6.275649439735403
case_066,5,L2,5962,32240,53938.8,53938.8,338501,6.275649439735403
case_067,2,A,8804,863040,29457616.0,29457616.0,36431988,1.2367595531152282
case_067,2,B,8804,863040,29457616.0,29457616.0,36346838,1.2338689593889742
case_067,2,L2,8804,863040,29457616.0,29457616.0,36346838,1.2338689593889742
case_067,3,A,8804,863040,19638410.666666668,19638410.666666668,30446418,1.5503504085327202
case_067,3,B,8804,863040,19638410.666666668,19638410.666666668,30367451,1.5463293601220138
case_067,3,L2,8804,863040,19638410.666666668,19638410.666666668,30367451,1.5463293601220138
case_067,4,A,8804,863040,14728808.0,14728808.0,30446418,2.0671338780436272
case_067,4,B,8804,863040,14728808.0,14728808.0,30367451,2.061772480162685
case_067,4,L2,8804,863040,14728808.0,14728808.0,30367451,2.061772480162685
case_067,5,A,8804,863040,11783046.4,11783046.4,30446418,2.583917347554534
case_067,5,B,8804,863040,11783046.4,11783046.4,30367451,2.5772156002033566
case_067,5,L2,8804,863040,11783046.4,11783046.4,30367451,2.5772156002033566
case_068,2,A,5351,48319,124550.5,124550.5,352398,2.829358372708259
case_068,2,B,5351,48319,124550.5,124550.5,349140,2.803200308308678
case_068,2,L2,5351,48319,124550.5,124550.5,349140,2.803200308308678
case_068,3,A,5351,48319,83033.66666666667,83033.66666666667,358839,4.321608504181035
case_068,3,B,5351,48319,83033.66666666667,83033.66666666667,349140,4.204800462463017
case_068,3,L2,5351,48319,83033.66666666667,83033.66666666667,349122,4.2045836829237935
case_068,4,A,5351,48319,62275.25,62275.25,358839,5.76214467224138
case_068,4,B,5351,48319,62275.25,62275.25,349140,5.606400616617356
case_068,4,L2,5351,48319,62275.25,62275.25,349140,5.606400616617356
case_068,5,A,5351,48319,49820.2,49820.2,349171,7.008623008337984
case_068,5,B,5351,48319,49820.2,49820.2,335742,6.739073709057772
case_068,5,L2,5351,48319,49820.2,49820.2,335742,6.739073709057772
case_069,2,A,1032,2298,8337.0,8337.0,27018,3.2407340770061173
case_069,2,B,1032,2298,8337.0,8337.0,21536,2.583183399304306
case_069,2,L2,1032,2298,8337.0,8337.0,21536,2.583183399304306
case_069,3,A,1032,2298,5558.0,5558.0,27018,4.861101115509176
case_069,3,B,1032,2298,5558.0,5558.0,21536,3.874775098956459
case_069,3,L2,1032,2298,5558.0,5558.0,21536,3.874775098956459
case_069,4,A,1032,2298,4168.5,4168.5,27018,6.4814681540122345
case_069,4,B,1032,2298,4168.5,4168.5,21536,5.166366798608612
case_069,4,L2,1032,2298,4168.5,4168.5,21536,5.166366798608612
case_069,5,A,1032,2298,3334.8,3334.8,27018,8.101835192515292
case_069,5,B,1032,2298,3334.8,3334.8,21536,6.457958498260765
case_069,5,L2,1032,2298,3334.8,3334.8,21536,6.457958498260765
case_070,2,A,1191,4054,45916.0,45916.0,114924,2.502918372680547
case_070,2,B,1191,4054,45916.0,45916.0,103858,2.2619130586288003
case_070,2,L2,1191,4054,45916.0,45916.0,103858,2.2619130586288003
case_070,3,A,1191,4054,30610.666666666668,30610.666666666668,121394,3.9657417893544733
case_070,3,B,1191,4054,30610.666666666668,30610.666666666668,99003,3.234264744315707
case_070,3,L2,1191,4054,30610.666666666668,30610.666666666668,99003,3.234264744315707
case_070,4,A,1191,4054,22958.0,22958.0,72347,3.151276243575224
case_070,4,B,1191,4054,22958.0,22958.0,56213,2.4485146789790053
case_070,4,L2,1191,4054,22958.0,22958.0,56043,2.4411098527746318
case_070,5,A,1191,4054,18366.4,18366.4,77895,4.241168655806255
case_070,5,B,1191,4054,18366.4,18366.4,55031,2.9962866974475126
case_070,5,L2,1191,4054,18366.4,18366.4,54623,2.974072218834393
case_071,2,A,741,2298,6267.0,6267.0,19916,3.17791606829424
case_071,2,B,741,2298,6267.0,6267.0,15926,2.541247805967768
case_071,2,L2,741,2298,6267.0,6267.0,15926,2.541247805967768
case_071,3,A,741,2298,4178.0,4178.0,20096,4.809956917185256
case_071,3,B,741,2298,4178.0,4178.0,16512,3.952130205840115
case_071,3,L2,741,2298,4178.0,4178.0,16512,3.952130205840115
case_071,4,A,741,2298,3133.5,3133.5,20096,6.4132758895803414
case_071,4,B,741,2298,3133.5,3133.5,16512,5.269506941120153
case_071,4,L2,741,2298,3133.5,3133.5,16512,5.269506941120153
case_071,5,A,741,2298,2506.8,2506.8,20096,8.016594861975426
case_071,5,B,741,2298,2506.8,2506.8,16512,6.586883676400191
case_071,5,L2,741,2298,2506.8,2506.8,16512,6.586883676400191
case_072,2,A,29666,31968,11464047.0,11464047.0,12201657,1.064341152823257
case_072,2,B,29666,31968,11464047.0,11464047.0,12364390,1.0785362272153978
case_072,2,L2,29666,31968,11464047.0,11464047.0,12360096,1.0781616648989663
case_072,3,A,29666,31968,7642698.0,7642698.0,9143839,1.1964150618014737
case_072,3,B,29666,31968,7642698.0,7642698.0,9245041,1.2096567207025581
case_072,3,L2,29666,31968,7642698.0,7642698.0,9242902,1.2093768457160023
case_072,4,A,29666,31968,5732023.5,5732023.5,6169421,1.07630769483063
case_072,4,B,29666,31968,5732023.5,5732023.5,6286092,1.0966619379700728
case_072,4,L2,29666,31968,5732023.5,5732023.5,6256039,1.091418937832338
case_072,5,A,29666,31968,4585618.8,4585618.8,6174408,1.346472148971476
case_072,5,B,29666,31968,4585618.8,4585618.8,6313259,1.3767518137355859
case_072,5,L2,29666,31968,4585618.8,4585618.8,6249815,1.3629163854614343
case_073,2,A,4836,220224,4080336.0,4080336.0,6715560,1.6458350488783278
case_073,2,B,4836,220224,4080336.0,4080336.0,6629353,1.6247076221173942
case_073,2,L2,4836,220224,4080336.0,4080336.0,6629353,1.6247076221173942
case_073,3,A,4836,220224,2720224.0,2720224.0,5238253,1.9256697242580023
case_073,3,B,4836,220224,2720224.0,2720224.0,5146879,1.8920791081910902
case_073,3,L2,4836,220224,2720224.0,2720224.0,5146879,1.8920791081910902
case_073,4,A,4836,220224,2040168.0,2040168.0,5078732,2.4893695029036826
case_073,4,B,4836,220224,2040168.0,2040168.0,4973165,2.437625234784586
case_073,4,L2,4836,220224,2040168.0,2040168.0,4973165,2.437625234784586
case_073,5,A,4836,220224,1632134.4,1632134.4,3648427,2.235371670372244
case_073,5,B,4836,220224,1632134.4,1632134.4,3517515,2.155162589551449
case_073,5,L2,4836,220224,1632134.4,1632134.4,3517515,2.155162589551449
case_074,2,A,3609,3091,789712.0,789712.0,1034107,1.309473580241911
case_074,2,B,3609,3091,789712.0,789712.0,1080307,1.3679759203355146
case_074,2,L2,3609,3091,789712.0,789712.0,1073432,1.3592702149644427
case_074,3,A,3609,3091,526474.6666666666,526474.6666666666,990976,1.8822862005389307
case_074,3,B,3609,3091,526474.6666666666,526474.6666666666,1039855,1.975128274611504
case_074,3,L2,3609,3091,526474.6666666666,526474.6666666666,1017326,1.9323360921449846
case_074,4,A,3609,3091,394856.0,394856.0,990727,2.5090843244119374
case_074,4,B,3609,3091,394856.0,394856.0,1041923,2.638741718499909
case_074,4,L2,3609,3091,394856.0,394856.0,1036273,2.6244327045809106
case_074,5,A,3609,3091,315884.8,315884.8,926719,2.9337245730088943
case_074,5,B,3609,3091,315884.8,315884.8,777076,2.459998075247685
case_074,5,L2,3609,3091,315884.8,315884.8,776769,2.4590262019571694
case_075,2,A,7410,182300,553760.0,553760.0,1423684,2.5709404796301647
case_075,2,B,7410,182300,553760.0,553760.0,1386799,2.5043322016758163
case_075,2,L2,7410,182300,553760.0,553760.0,1386799,2.5043322016758163
case_075,3,A,7410,182300,369173.3333333333,369173.3333333333,1423684,3.8564107194452473
case_075,3,B,7410,182300,369173.3333333333,369173.3333333333,1386799,3.7564983025137244
case_075,3,L2,7410,182300,369173.3333333333,369173.3333333333,1386799,3.7564983025137244
case_075,4,A,7410,182300,276880.0,276880.0,1423684,5.141880959260329
case_075,4,B,7410,182300,276880.0,276880.0,1386799,5.0086644033516325
case_075,4,L2,7410,182300,276880.0,276880.0,1386799,5.0086644033516325
case_075,5,A,7410,182300,221504.0,221504.0,1423684,6.427351199075412
case_075,5,B,7410,182300,221504.0,221504.0,1386799,6.26083050418954
case_075,5,L2,7410,182300,221504.0,221504.0,1386799,6.26083050418954
case_076,2,A,32528,2774,3030822.0,3030822.0,3346622,1.104196155366432
case_076,2,B,32528,2774,3030822.0,3030822.0,3375452,1.1137084262949126
case_076,2,L2,32528,2774,3030822.0,3030822.0,3372119,1.11260872462982
case_076,3,A,32528,2774,2020548.0,2020548.0,2342760,1.1594676295737592
case_076,3,B,32528,2774,2020548.0,2020548.0,2373569,1.174715473228055
case_076,3,L2,32528,2774,2020548.0,2020548.0,2359601,1.167802497144339
case_076,4,A,32528,2774,1515411.0,1515411.0,2184122,1.441273687468284
case_076,4,B,32528,2774,1515411.0,1515411.0,2177091,1.4366340220573826
case_076,4,L2,32528,2774,1515411.0,1515411.0,2166310,1.4295197804424014
case_076,5,A,32528,2774,1212328.8,1212328.8,2176789,1.7955434202338507
case_076,5,B,32528,2774,1212328.8,1212328.8,2183470,1.8010543014403353
case_076,5,L2,32528,2774,1212328.8,1212328.8,2174450,1.7936140756534036
case_077,2,A,4486,15619,207703.0,207703.0,307998,1.482876992628898
case_077,2,B,4486,15619,207703.0,207703.0,328332,1.5807763970669657
case_077,2,L2,4486,15619,207703.0,207703.0,328332,1.5807763970669657
case_077,3,A,4486,15619,138468.66666666666,138468.66666666666,497079,3.5898301902235406
case_077,3,B,4486,15619,138468.66666666666,138468.66666666666,481963,3.4806646991136385
case_077,3,L2,4486,15619,138468.66666666666,138468.66666666666,481963,3.4806646991136385
case_077,4,A,4486,15619,103851.5,103851.5,281612,2.7116796579731637
case_077,4,B,4486,15619,103851.5,103851.5,256034,2.465385670885832
case_077,4,L2,4486,15619,103851.5,103851.5,255368,2.4589726677034034
case_077,5,A,4486,15619,83081.2,83081.2,346023,4.164877252615514
case_077,5,B,4486,15619,83081.2,83081.2,311295,3.7468765496887384
case_077,5,L2,4486,15619,83081.2,83081.2,311182,3.745516434524297
case_078,2,A,1024,246816,1018944.0,1018944.0,1080972,1.0608747880158282
case_078,2,B,1024,246816,1018944.0,1018944.0,1260358,1.2369256799196031
case_078,2,L2,1024,246816,1018944.0,1018944.0,1260358,1.2369256799196031
case_078,3,A,1024,246816,679296.0,679296.0,850256,1.251672319577916
case_078,3,B,1024,246816,679296.0,679296.0,993959,1.4632192740719805
case_078,3,L2,1024,246816,679296.0,679296.0,938948,1.382236904088939
case_078,4,A,1024,246816,509472.0,509472.0,619540,1.2160432761761195
case_078,4,B,1024,246816,509472.0,509472.0,690924,1.3561569625023553
case_078,4,L2,1024,246816,509472.0,509472.0,690924,1.3561569625023553
case_078,5,A,1024,246816,407577.6,407577.6,620100,1.521428066704353
case_078,5,B,1024,246816,407577.6,407577.6,663941,1.6289928592739151
case_078,5,L2,1024,246816,407577.6,407577.6,578013,1.4181667491049559
case_079,2,A,18720,5952,14712192.0,14712192.0,16626502,1.130117252412149
case_079,2,B,18720,5952,14712192.0,14712192.0,16708400,1.1356839279965896
case_079,2,L2,18720,5952,14712192.0,14712192.0,16706621,1.1355630078780918
case_079,3,A,18720,5952,9808128.0,9808128.0,13319806,1.3580375378461618
case_079,3,B,18720,5952,9808128.0,9808128.0,13316146,1.3576643779526532
case_079,3,L2,18720,5952,9808128.0,9808128.0,13316146,1.3576643779526532
case_079,4,A,18720,5952,7356096.0,7356096.0,12901714,1.753880591009144
case_079,4,B,18720,5952,7356096.0,7356096.0,13199130,1.7943118197478662
case_079,4,L2,18720,5952,7356096.0,7356096.0,13205934,1.7952367668937437
case_079,5,A,18720,5952,5884876.8,5884876.8,11196734,1.9026284458495377
case_079,5,B,18720,5952,5884876.8,5884876.8,11783350,2.002310396710429
case_079,5,L2,18720,5952,5884876.8,5884876.8,11722350,1.9919448441129644
case_080,2,A,1098,746,144522.0,144522.0,229448,1.5876337166659746
case_080,2,B,1098,746,144522.0,144522.0,188455,1.3039883201173523
case_080,2,L2,1098,746,144522.0,144522.0,187745,1.2990755732691217
case_080,3,A,1098,746,96348.0,96348.0,224474,2.329825216921991
case_080,3,B,1098,746,96348.0,96348.0,149443,1.5510752688172043
case_080,3,L2,1098,746,96348.0,96348.0,143848,1.4930045252625899
case_080,4,A,1098,746,72261.0,72261.0,234089,3.2394929491703683
case_080,4,B,1098,746,72261.0,72261.0,156638,2.167669974121587
case_080,4,L2,1098,746,72261.0,72261.0,117813,1.63038153360734
case_080,5,A,1098,746,57808.8,57808.8,236630,4.093321432031109
case_080,5,B,1098,746,57808.8,57808.8,169703,2.935591121074992
case_080,5,L2,1098,746,57808.8,57808.8,128993,2.2313730781472714
case_081,2,A,3485,407,75862.5,75862.5,107965,1.4231669138243532
case_081,2,B,3485,407,75862.5,75862.5,94710,1.2484429065743945
case_081,2,L2,3485,407,75862.5,75862.5,94710,1.2484429065743945
case_081,3,A,3485,407,50575.0,50575.0,70535,1.3946613939693524
case_081,3,B,3485,407,50575.0,50575.0,57333,1.1336233316856155
case_081,3,L2,3485,407,50575.0,50575.0,57333,1.1336233316856155
case_081,4,A,3485,407,37931.25,37931.25,70535,1.85954852529247
case_081,4,B,3485,407,37931.25,37931.25,57333,1.5114977755808205
case_081,4,L2,3485,407,37931.25,37931.25,57333,1.5114977755808205
case_081,5,A,3485,407,30345.0,30345.0,70535,2.3244356566155875
case_081,5,B,3485,407,30345.0,30345.0,57333,1.8893722194760256
case_081,5,L2,3485,407,30345.0,30345.0,57333,1.8893722194760256
case_082,2,A,4113,54690,283968.0,283968.0,736390,2.5932147284201035
case_082,2,B,4113,54690,283968.0,283968.0,681649,2.4004430076628354
case_082,2,L2,4113,54690,283968.0,283968.0,681649,2.4004430076628354
case_082,3,A,4113,54690,189312.0,189312.0,733083,3.87235357505071
case_082,3,B,4113,54690,189312.0,189312.0,681649,3.600664511494253
case_082,3,L2,4113,54690,189312.0,189312.0,681649,3.600664511494253
case_082,4,A,4113,54690,141984.0,141984.0,736390,5.186429456840207
case_082,4,B,4113,54690,141984.0,141984.0,681649,4.800886015325671
case_082,4,L2,4113,54690,141984.0,141984.0,681649,4.800886015325671
case_082,5,A,4113,54690,113587.2,113587.2,736390,6.483036821050259
case_082,5,B,4113,54690,113587.2,113587.2,681649,6.001107519157088
case_082,5,L2,4113,54690,113587.2,113587.2,681649,6.001107519157088
case_083,2,A,3844,28456,405418.0,405418.0,769399,1.8977919085980395
case_083,2,B,3844,28456,405418.0,405418.0,644672,1.5901415329363768
case_083,2,L2,3844,28456,405418.0,405418.0,535329,1.3204371784183238
case_083,3,A,3844,28456,270278.6666666667,270278.6666666667,761908,2.8189720239357894
case_083,3,B,3844,28456,270278.6666666667,270278.6666666667,630917,2.3343203804468473
case_083,3,L2,3844,28456,270278.6666666667,270278.6666666667,518258,1.9174950298210733
case_083,4,A,3844,28456,202709.0,202709.0,620685,3.0619508753928044
case_083,4,B,3844,28456,202709.0,202709.0,450029,2.2200740963647396
case_083,4,L2,3844,28456,202709.0,202709.0,333151,1.6434938754569357
case_083,5,A,3844,28456,162167.2,162167.2,620685,3.827438594241005
case_083,5,B,3844,28456,162167.2,162167.2,450029,2.7750926204559243
case_083,5,L2,3844,28456,162167.2,162167.2,333151,2.0543673443211694
case_084,2,A,8616,2328,633276.0,633276.0,1277802,2.0177647660735603
case_084,2,B,8616,2328,633276.0,633276.0,1266692,2.000221072644471
case_084,2,L2,8616,2328,633276.0,633276.0,1266692,2.000221072644471
case_084,3,A,8616,2328,422184.0,422184.0,869460,2.0594338013757034
case_084,3,B,8616,2328,422184.0,422184.0,857068,2.030081670551229
case_084,3,L2,8616,2328,422184.0,422184.0,857068,2.030081670551229
case_084,4,A,8616,2328,316638.0,316638.0,645372,2.038201352964584
case_084,4,B,8616,2328,316638.0,316638.0,633788,2.0016169884852735
case_084,4,L2,8616,2328,316638.0,316638.0,633788,2.0016169884852735
case_084,5,A,8616,2328,253310.4,253310.4,533328,2.1054327023288426
case_084,5,B,8616,2328,253310.4,253310.4,522096,2.061091846209236
case_084,5,L2,8616,2328,253310.4,253310.4,522096,2.061091846209236
case_085,2,A,19737,165564,1282608.0,1282608.0,3147132,2.4536974664121853
case_085,2,B,19737,165564,1282608.0,1282608.0,3052200,2.379682646607537
case_085,2,L2,19737,165564,1282608.0,1282608.0,3052200,2.379682646607537
case_085,3,A,19737,165564,855072.0,855072.0,3147132,3.6805461996182776
case_085,3,B,19737,165564,855072.0,855072.0,3052200,3.5695239699113057
case_085,3,L2,19737,165564,855072.0,855072.0,3052200,3.5695239699113057
case_085,4,A,19737,165564,641304.0,641304.0,3147132,4.907394932824371
case_085,4,B,19737,165564,641304.0,641304.0,3052200,4.759365293215074
case_085,4,L2,19737,165564,641304.0,641304.0,3052200,4.759365293215074
case_085,5,A,19737,165564,513043.2,513043.2,3147132,6.1342436660304624
case_085,5,B,19737,165564,513043.2,513043.2,3052200,5.949206616518842
case_085,5,L2,19737,165564,513043.2,513043.2,3052200,5.949206616518842
case_086,2,A,5274,6894,39591.0,39591.0,117945,2.979086155944533
case_086,2,B,5274,6894,39591.0,39591.0,112571,2.843348235710136
case_086,2,L2,5274,6894,39591.0,39591.0,112571,2.843348235710136
case_086,3,A,5274,6894,26394.0,26394.0,117945,4.4686292339168
case_086,3,B,5274,6894,26394.0,26394.0,110029,4.168712586193832
case_086,3,L2,5274,6894,26394.0,26394.0,110029,4.168712586193832
case_086,4,A,5274,6894,19795.5,19795.5,117945,5.958172311889066
case_086,4,B,5274,6894,19795.5,19795.5,112571,5.686696471420272
case_086,4,L2,5274,6894,19795.5,19795.5,112571,5.686696471420272
case_086,5,A,5274,6894,15836.4,15836.4,117945,7.447715389861332
case_086,5,B,5274,6894,15836.4,15836.4,112571,7.10837058927534
case_086,5,L2,5274,6894,15836.4,15836.4,112571,7.10837058927534
case_087,2,A,27556,82063,1796640.0,1796640.0,2537684,1.412461038382759
case_087,2,B,27556,82063,1796640.0,1796640.0,2517783,1.401384250601122
case_087,2,L2,27556,82063,1796640.0,1796640.0,2517783,1.401384250601122
case_087,3,A,27556,82063,1197760.0,1197760.0,2539924,2.1205617152017098
case_087,3,B,27556,82063,1197760.0,1197760.0,2518279,2.1024904822335024
case_087,3,L2,27556,82063,1197760.0,1197760.0,2518279,2.1024904822335024
case_087,4,A,27556,82063,898320.0,898320.0,2508964,2.792951286846558
case_087,4,B,27556,82063,898320.0,898320.0,2465824,2.7449283106242763
case_087,4,L2,27556,82063,898320.0,898320.0,2464736,2.743717160922611
case_087,5,A,27556,82063,718656.0,718656.0,2429010,3.379934210526316
case_087,5,B,27556,82063,718656.0,718656.0,2383187,3.316172132424971
case_087,5,L2,27556,82063,718656.0,718656.0,2382754,3.3155696188440644
case_088,2,A,3309,32229,86804.0,86804.0,239297,2.7567508409750703
case_088,2,B,3309,32229,86804.0,86804.0,216864,2.4983180498594533
case_088,2,L2,3309,32229,86804.0,86804.0,216864,2.4983180498594533
case_088,3,A,3309,32229,57869.333333333336,57869.333333333336,210337,3.6346884936178054
case_088,3,B,3309,32229,57869.333333333336,57869.333333333336,205371,3.5488744758306066
case_088,3,L2,3309,32229,57869.333333333336,57869.333333333336,205371,3.5488744758306066
case_088,4,A,3309,32229,43402.0,43402.0,239297,5.513501681950141
case_088,4,B,3309,32229,43402.0,43402.0,201896,4.651767199668218
case_088,4,L2,3309,32229,43402.0,43402.0,201896,4.651767199668218
case_088,5,A,3309,32229,34721.6,34721.6,239297,6.891877102437676
case_088,5,B,3309,32229,34721.6,34721.6,215746,6.213596147642966
case_088,5,L2,3309,32229,34721.6,34721.6,215746,6.213596147642966
case_089,2,A,5120,16272,294560.0,294560.0,348960,1.184682237914177
case_089,2,B,5120,16272,294560.0,294560.0,346832,1.1774579033134167
case_089,2,L2,5120,16272,294560.0,294560.0,346832,1.1774579033134167
case_089,3,A,5120,16272,196373.33333333334,196373.33333333334,260608,1.327104834329169
case_089,3,B,5120,16272,196373.33333333334,196373.33333333334,243614,1.240565589353612
case_089,3,L2,5120,16272,196373.33333333334,196373.33333333334,243614,1.240565589353612
case_089,4,A,5120,16272,147280.0,147280.0,218392,1.4828354155350354
case_089,4,B,5120,16272,147280.0,147280.0,178160,1.2096686583378597
case_089,4,L2,5120,16272,147280.0,147280.0,178160,1.2096686583378597
case_089,5,A,5120,16272,117824.0,117824.0,156404,1.3274375339489408
case_089,5,B,5120,16272,117824.0,117824.0,147432,1.2512900597501357
case_089,5,L2,5120,16272,117824.0,117824.0,147432,1.2512900597501357
case_090,2,A,1664,63936,420264.0,420264.0,679752,1.6174404659928046
case_090,2,B,1664,63936,420264.0,420264.0,769224,1.8303352178630574
case_090,2,L2,1664,63936,420264.0,420264.0,763401,1.8164796413682829
case_090,3,A,1664,63936,280176.0,280176.0,589444,2.103834732453886
case_090,3,B,1664,63936,280176.0,280176.0,657430,2.3464893495517103
case_090,3,L2,1664,63936,280176.0,280176.0,653823,2.3336152989549426
case_090,4,A,1664,63936,210132.0,210132.0,565296,2.6901947347381645
case_090,4,B,1664,63936,210132.0,210132.0,608275,2.8947280756857596
case_090,4,L2,1664,63936,210132.0,210132.0,604430,2.876430053490187
case_090,5,A,1664,63936,168105.6,168105.6,522053,3.1055063008014008
case_090,5,B,1664,63936,168105.6,168105.6,542638,3.227959092380028
case_090,5,L2,1664,63936,168105.6,168105.6,509924,3.0333552243351796
case_091,2,A,31554,56912,4490680.0,4490680.0,4603691,1.0251656764677064
case_091,2,B,31554,56912,4490680.0,4490680.0,4684571,1.0431763118280528
case_091,2,L2,31554,56912,4490680.0,4490680.0,4667562,1.0393886894635112
case_091,3,A,31554,56912,2993786.6666666665,2993786.6666666665,3770747,1.2595242814005898
case_091,3,B,31554,56912,2993786.6666666665,2993786.6666666665,3798040,1.268640829451219
case_091,3,L2,31554,56912,2993786.6666666665,2993786.6666666665,3793947,1.2672736645675042
case_091,4,A,31554,56912,2245340.0,2245340.0,2380234,1.0600773156849297
case_091,4,B,31554,56912,2245340.0,2245340.0,2384682,1.0620583074278283
case_091,4,L2,31554,56912,2245340.0,2245340.0,2371582,1.0562240017102087
case_091,5,A,31554,56912,1796272.0,1796272.0,2385440,1.3279948693739032
case_091,5,B,31554,56912,1796272.0,1796272.0,2349753,1.3081276109631503
case_091,5,L2,31554,56912,1796272.0,1796272.0,2344467,1.3051848495105418
case_092,2,A,17608,28456,1857076.0,1857076.0,3127043,1.6838530033235042
case_092,2,B,17608,28456,1857076.0,1857076.0,3035001,1.6342901421374247
case_092,2,L2,17608,28456,1857076.0,1857076.0,2560236,1.3786382463614844
case_092,3,A,17608,28456,1238050.6666666667,1238050.6666666667,2958231,2.3894264424288503
case_092,3,B,17608,28456,1238050.6666666667,1238050.6666666667,2673240,2.159233117007597
case_092,3,L2,17608,28456,1238050.6666666667,1238050.6666666667,2215515,1.7895188457553701
case_092,4,A,17608,28456,928538.0,928538.0,2713571,2.922412437616985
case_092,4,B,17608,28456,928538.0,928538.0,2205995,2.375772450885155
case_092,4,L2,17608,28456,928538.0,928538.0,1743791,1.877996377100345
case_092,5,A,17608,28456,742830.4,742830.4,2473438,3.3297479478491994
case_092,5,B,17608,28456,742830.4,742830.4,1842267,2.4800640899995474
case_092,5,L2,17608,28456,742830.4,742830.4,1414923,1.9047726102755083
case_093,2,A,552,400,36984.0,36984.0,41669,1.1266764006056673
case_093,2,B,552,400,36984.0,36984.0,38899,1.051779147739563
case_093,2,L2,552,400,36984.0,36984.0,38899,1.051779147739563
case_093,3,A,552,400,24656.0,24656.0,27234,1.1045587280986373
case_093,3,B,552,400,24656.0,24656.0,26140,1.060188189487346
case_093,3,L2,552,400,24656.0,24656.0,26140,1.060188189487346
case_093,4,A,552,400,18492.0,18492.0,24125,1.304618213281419
case_093,4,B,552,400,18492.0,18492.0,21923,1.1855396928401472
case_093,4,L2,552,400,18492.0,18492.0,21923,1.1855396928401472
case_093,5,A,552,400,14793.6,14793.6,18708,1.2646009085009733
case_093,5,B,552,400,14793.6,14793.6,17950,1.2133625351503352
case_093,5,L2,552,400,14793.6,14793.6,17950,1.2133625351503352
case_094,2,A,647,2484,35472.0,35472.0,64829,1.8276105096977897
case_094,2,B,647,2484,35472.0,35472.0,54828,1.5456698240866036
case_094,2,L2,647,2484,35472.0,35472.0,54828,1.5456698240866036
case_094,3,A,647,2484,23648.0,23648.0,64829,2.7414157645466846
case_094,3,B,647,2484,23648.0,23648.0,57364,2.425744248985115
case_094,3,L2,647,2484,23648.0,23648.0,57244,2.4206698240866036
case_094,4,A,647,2484,17736.0,17736.0,62197,3.5068222823635544
case_094,4,B,647,2484,17736.0,17736.0,55520,3.130356337392873
case_094,4,L2,647,2484,17736.0,17736.0,55455,3.1266914749661705
case_094,5,A,647,2484,14188.8,14188.8,62197,4.383527852954443
case_094,5,B,647,2484,14188.8,14188.8,55520,3.912945421741092
case_094,5,L2,647,2484,14188.8,14188.8,55455,3.908364343707713
case_095,2,A,3696,4512,534996.0,534996.0,1084217,2.0265889838428697
case_095,2,B,3696,4512,534996.0,534996.0,1047299,1.9575828604326013
case_095,2,L2,3696,4512,534996.0,534996.0,1047299,1.9575828604326013
case_095,3,A,3696,4512,356664.0,356664.0,731678,2.051448982796133
case_095,3,B,3696,4512,356664.0,356664.0,704593,1.9755091626853285
case_095,3,L2,3696,4512,356664.0,356664.0,704593,1.9755091626853285
case_095,4,A,3696,4512,267498.0,267498.0,561933,2.1006998183163987
case_095,4,B,3696,4512,267498.0,267498.0,524525,1.9608557820993053
case_095,4,L2,3696,4512,267498.0,267498.0,524525,1.9608557820993053
case_095,5,A,3696,4512,213998.4,213998.4,442510,2.0678191986482144
case_095,5,B,3696,4512,213998.4,213998.4,425261,1.9872157922676057
case_095,5,L2,3696,4512,213998.4,213998.4,425261,1.9872157922676057
case_096,2,A,1198,9417,26565.0,26565.0,82853,3.1188782232260492
case_096,2,B,1198,9417,26565.0,26565.0,71323,2.684848484848485
case_096,2,L2,1198,9417,26565.0,26565.0,71323,2.684848484848485
case_096,3,A,1198,9417,17710.0,17710.0,79456,4.486504799548277
case_096,3,B,1198,9417,17710.0,17710.0,68430,3.8639186900056464
case_096,3,L2,1198,9417,17710.0,17710.0,68430,3.8639186900056464
case_096,4,A,1198,9417,13282.5,13282.5,78981,5.946245059288538
case_096,4,B,1198,9417,13282.5,13282.5,64681,4.8696405044231135
case_096,4,L2,1198,9417,13282.5,13282.5,64681,4.8696405044231135
case_096,5,A,1198,9417,10626.0,10626.0,81617,7.680877093920572
case_096,5,B,1198,9417,10626.0,10626.0,65598,6.173348390739695
case_096,5,L2,1198,9417,10626.0,10626.0,65387,6.153491436100132
case_097,2,A,6592,23904,5151744.0,5151744.0,10312445,2.0017386345284236
case_097,2,B,6592,23904,5151744.0,5151744.0,11122554,2.1589881018932617
case_097,2,L2,6592,23904,5151744.0,5151744.0,11122554,2.1589881018932617
case_097,3,A,6592,23904,3434496.0,3434496.0,10143886,2.953529717315146
case_097,3,B,6592,23904,3434496.0,3434496.0,10636505,3.09696240729353
case_097,3,L2,6592,23904,3434496.0,3434496.0,10636505,3.09696240729353
case_097,4,A,6592,23904,2575872.0,2575872.0,9696030,3.764173840936196
case_097,4,B,6592,23904,2575872.0,2575872.0,10661424,4.138957215265354
case_097,4,L2,6592,23904,2575872.0,2575872.0,10661424,4.138957215265354
case_097,5,A,6592,23904,2060697.6,2060697.6,9089879,4.411068853576575
case_097,5,B,6592,23904,2060697.6,2060697.6,10414151,5.053701717321357
case_097,5,L2,6592,23904,2060697.6,2060697.6,10414151,5.053701717321357
case_098,2,A,1365,6783,81350.5,81350.5,140672,1.729208794045519
case_098,2,B,1365,6783,81350.5,81350.5,128795,1.5832109206458473
case_098,2,L2,1365,6783,81350.5,81350.5,128795,1.5832109206458473
case_098,3,A,1365,6783,54233.666666666664,54233.666666666664,140785,2.595896767690426
case_098,3,B,1365,6783,54233.666666666664,54233.666666666664,128864,2.3760886534194627
case_098,3,L2,1365,6783,54233.666666666664,54233.666666666664,128864,2.3760886534194627
case_098,4,A,1365,6783,40675.25,40675.25,140785,3.461195690253901
case_098,4,B,1365,6783,40675.25,40675.25,128933,3.1698145678268728
case_098,4,L2,1365,6783,40675.25,40675.25,128933,3.1698145678268728
case_098,5,A,1365,6783,32540.2,32540.2,140593,4.320594218843154
case_098,5,B,1365,6783,32540.2,32540.2,129002,3.964388663868077
case_098,5,L2,1365,6783,32540.2,32540.2,129002,3.964388663868077
case_099,2,A,6296,2826,797742.0,797742.0,1043688,1.3083026843265115
case_099,2,B,6296,2826,797742.0,797742.0,1048261,1.3140351141095743
case_099,2,L2,6296,2826,797742.0,797742.0,1044944,1.3098771281943284
case_099,3,A,6296,2826,531828.0,531828.0,786182,1.4782636491497252
case_099,3,B,6296,2826,531828.0,531828.0,804694,1.5130718954248366
case_099,3,L2,6296,2826,531828.0,531828.0,802999,1.5098847747768076
case_099,4,A,6296,2826,398871.0,398871.0,751403,1.8838245949191594
case_099,4,B,6296,2826,398871.0,398871.0,717671,1.7992558997771209
case_099,4,L2,6296,2826,398871.0,398871.0,717325,1.798388451404088
case_099,5,A,6296,2826,319096.8,319096.8,719851,2.255901657428091
case_099,5,B,6296,2826,319096.8,319096.8,619930,1.9427647033752768
case_099,5,L2,6296,2826,319096.8,319096.8,617940,1.9365283512714637
case_100,2,A,1394,4830,51003.5,51003.5,144517,2.833472212691286
case_100,2,B,1394,4830,51003.5,51003.5,137798,2.701736155361887
case_100,2,L2,1394,4830,51003.5,51003.5,137798,2.701736155361887
case_100,3,A,1394,4830,34002.333333333336,34002.333333333336,106843,3.1422255335418154
case_100,3,B,1394,4830,34002.333333333336,34002.333333333336,103764,3.051672924407148
case_100,3,L2,1394,4830,34002.333333333336,34002.333333333336,103764,3.051672924407148
case_100,4,A,1394,4830,25501.75,25501.75,102932,4.036272020547609
case_100,4,B,1394,4830,25501.75,25501.75,102094,4.003411530581235
case_100,4,L2,1394,4830,25501.75,25501.75,102094,4.003411530581235
case_100,5,A,1394,4830,20401.4,20401.4,132675,6.5032301704784965
case_100,5,B,1394,4830,20401.4,20401.4,109822,5.383061946729145
case_100,5,L2,1394,4830,20401.4,20401.4,109822,5.383061946729145
