case,cores,singlecore_makespan,makespan,speedup,added_copy_bytes,selected_source,total_seconds,paired_no_l2_makespan,paired_with_l2_makespan,paired_no_l2_added_copy_bytes,paired_with_l2_added_copy_bytes,paired_l2_speedup,paired_cache_hit_rate,cache_hit_rate
case_001,2,233110,116868,1.9946435294520313,1152,fixed_1,4.173,,,,,,,
case_001,3,233110,78545,2.9678528232223567,2304,fixed_1,3.951,,,,,,,
case_001,4,233110,58984,3.952088702020887,3456,fixed_1,3.988,,,,,,,
case_001,5,233110,47502,4.9073723211654245,4608,a_selected,4.699,,,,,,,
case_002,2,261945,137650,1.9029785688339993,537600,fixed_24,15.3,,,,,,,
case_002,3,261945,93427,2.803739818253824,565248,fixed_24,14.581,,,,,,,
case_002,4,261945,72103,3.6329278948171364,771072,fixed_24,14.93,,,,,,,
case_002,5,261945,58897,4.447510059935141,743424,fixed_24,14.402,,,,,,,
case_003,2,602212,462126,1.3031337773680771,1017822,local1_fixed_16_merge_835_836,134.213,,,,,,,
case_003,3,602212,391667,1.537561244628728,4079068,fixed_4,149.241,,,,,,,
case_003,4,602212,366574,1.6428115469182212,4553662,fixed_4,146.053,,,,,,,
case_003,5,602212,355037,1.6961950444601548,4995328,fixed_4,143.861,,,,,,,
case_004,2,392357,199002,1.9716234007698414,138240,local1_fixed_2_move_14_1_0,4.865,,,,,,,
case_004,3,392357,135632,2.8928055326176714,248832,local1_fixed_2_move_21_2_0,4.694,,,,,,,
case_004,4,392357,104188,3.765855952700887,331776,fixed_2,4.712,,,,,,,
case_004,5,392357,86609,4.530210486208131,470016,local1_fixed_2_move_35_1_0,4.657,,,,,,,
case_005,2,95618,65546,1.458792298538431,623782,local1_fixed_4_merge_327_328,34.701,,,,,,,
case_005,3,95618,61629,1.5515098411462136,1037164,local1_fixed_4_swap_0_7,34.083,,,,,,,
case_005,4,95618,60498,1.5805150583490364,1288690,local1_fixed_4_swap_0_8,36.001,,,,,,,
case_005,5,95618,60063,1.5919617734711886,1404760,local1_fixed_4_swap_0_7,35.123,,,,,,,
case_006,2,82837,38049,2.1771137217798104,44,local1_fixed_24_split_15_1,3.869,,,,,,,
case_006,3,82837,36873,2.246548965367613,29092,fixed_16,4.222,,,,,,,
case_006,4,82837,34312,2.4142282583352763,314848,local1_fixed_8_move_13_1_0,4.278,,,,,,,
case_006,5,82837,30430,2.722214919487348,526640,local1_fixed_2_move_193_1_18,4.221,,,,,,,
case_007,2,1012562,507154,1.9965572587419207,41472,local1_fixed_2_move_14_1_0,38.911,,,,,,,
case_007,3,1012562,339086,2.986151005939496,69120,local1_fixed_2_move_21_2_0,35.783,,,,,,,
case_007,4,1012562,255390,3.964767610321469,96768,local1_fixed_2_move_28_2_0,34.634,,,,,,,
case_007,5,1012562,205580,4.925391575055939,110592,fixed_2,33.081,,,,,,,
case_008,2,487605,244266,1.9962049568912579,0,a_selected,8.515,,,,,,,
case_008,3,487605,163359,2.984867684057811,0,a_selected,8.484,,,,,,,
case_008,4,487605,123060,3.962335446123842,0,a_selected,8.36,,,,,,,
case_008,5,487605,100500,4.851791044776119,0,local1_fixed_1_swap_0_15,6.817,,,,,,,
case_009,2,153261,106315,1.4415745661477684,556948,local1_fixed_4_split_1358_1,42.176,,,,,,,
case_009,3,153261,95404,1.6064420779002977,704602,local1_fixed_4_split_1358_1,39.846,,,,,,,
case_009,4,153261,87646,1.7486365607101293,859618,local1_fixed_4_move_1355_3_0,39.827,,,,,,,
case_009,5,153261,80068,1.9141354848378878,968808,local1_fixed_4_split_1358_1,37.526,,,,,,,
case_010,2,86969,51402,1.691938056884946,419900,local1_fixed_1_swap_0_19,3.561,,,,,,,
case_010,3,86969,42369,2.052656423328377,412024,local1_fixed_1_merge_289_295,3.653,,,,,,,
case_010,4,86969,36170,2.4044512026541334,552900,local1_fixed_1_swap_0_13,3.759,,,,,,,
case_010,5,86969,31002,2.8052706277014385,671724,fixed_1,3.929,,,,,,,
case_011,2,184697,92646,1.9935777043801135,180224,fixed_2,3.571,,,,,,,
case_011,3,184697,69625,2.6527396768402154,909312,local1_fixed_2_move_129_2_0,3.927,,,,,,,
case_011,4,184697,46880,3.9397824232081913,540672,fixed_2,3.723,,,,,,,
case_011,5,184697,46880,3.9397824232081913,1081344,fixed_4,4.707,,,,,,,
case_012,2,59088,39013,1.5145720657216826,255682,local1_fixed_4_move_11_0_0,7.646,,,,,,,
case_012,3,59088,26191,2.256042151884235,132992,local2_a_selected_split_0_1,6.6,,,,,,,
case_012,4,59088,26397,2.2384361859302193,173320,local1_a_selected_move_3_1_0,6.843,,,,,,,
case_012,5,59088,26597,2.221603940294018,173320,local1_a_selected_move_3_4_0,7.133,,,,,,,
case_013,2,263949,132198,1.9966187083011846,8192,fixed_24,20.803,,,,,,,
case_013,3,263949,88351,2.98750438591527,16384,fixed_16,19.964,,,,,,,
case_013,4,263949,66982,3.9405959810098237,24576,fixed_4,18.583,,,,,,,
case_013,5,263949,54363,4.855305998565201,32768,fixed_4,18.25,,,,,,,
case_014,2,17698626,8958679,1.9755843467546945,77130512,local1_fixed_16_move_61_1_0,940.606,,,,,,,
case_014,3,17698626,6040782,2.9298567635779604,77728796,local1_fixed_16_move_206_0_0,831.03,,,,,,,
case_014,4,17698626,4601282,3.8464554009078338,78842408,local1_fixed_16_move_264_0_0,766.367,,,,,,,
case_014,5,17698626,3829456,4.621707626357373,79754112,local1_fixed_16_move_264_0_0,743.16,,,,,,,
case_015,2,177362,94288,1.8810665195995249,311404,local1_a_selected_merge_0_2,7.582,,,,,,,
case_015,3,177362,91805,1.9319427046457165,1820888,local1_fixed_1_swap_0_5,8.275,,,,,,,
case_015,4,177362,79873,2.2205501233207716,2235226,local1_fixed_1_move_28_0_0,8.94,,,,,,,
case_015,5,177362,75499,2.3491966781016966,2365878,fixed_1,8.228,,,,,,,
case_016,2,7715523,4027025,1.9159362060081573,404200,fixed_1,227.549,,,,,,,
case_016,3,7715523,3030137,2.5462620997004426,609332,fixed_1,239.158,,,,,,,
case_016,4,7715523,2395892,3.2203133530225903,744064,local1_fixed_1_swap_0_3,235.518,,,,,,,
case_016,5,7715523,2090062,3.6915282895914094,546240,fixed_1,217.77,,,,,,,
case_017,2,162810,77229,2.1081459037408226,150152,local1_fixed_16_move_71_0_22,10.604,,,,,,,
case_017,3,162810,58288,2.793199286302498,308288,local1_fixed_24_move_2_1_12,11.143,,,,,,,
case_017,4,162810,53838,3.02407221664995,336960,local1_a_selected_move_2_1_12,10.546,,,,,,,
case_017,5,162810,53838,3.02407221664995,307148,local1_a_selected_move_2_2_13,10.426,,,,,,,
case_018,2,1004367,517800,1.9396813441483198,2104948,fixed_4,28.681,,,,,,,
case_018,3,1004367,344821,2.9127199329507194,3051736,fixed_4,29.524,,,,,,,
case_018,4,1004367,263616,3.8099622177713037,4799752,local1_fixed_2_move_363_2_0,29.792,,,,,,,
case_018,5,1004367,215899,4.6520224734713915,4034540,local1_fixed_2_swap_0_16,27.394,,,,,,,
case_019,2,81144,45280,1.7920494699646643,150336,local1_fixed_2_move_54_1_0,3.55,,,,,,,
case_019,3,81144,34150,2.37610541727672,247160,local1_fixed_2_move_26_1_0,3.676,,,,,,,
case_019,4,81144,28282,2.8691040237606957,275800,local1_fixed_2_move_54_0_0,4.349,,,,,,,
case_019,5,81144,25482,3.1843654344242993,290964,fixed_2,4.299,,,,,,,
case_020,2,532746,266580,1.9984469952734638,0,fixed_4,66.644,,,,,,,
case_020,3,532746,181764,2.930976430976431,0,fixed_4,64.599,,,,,,,
case_020,4,532746,139273,3.8251922483180514,0,fixed_4,68.869,,,,,,,
case_020,5,532746,115022,4.631687851019805,0,fixed_4,68.005,,,,,,,
case_021,2,6567937,3214106,2.043472430591897,35590144,local1_fixed_1_move_0_1_0,67.41,,,,,,,
case_021,3,6567937,2230404,2.944729744028436,43739136,fixed_1,65.038,,,,,,,
case_021,4,6567937,1738549,3.7778267969438883,53135360,local1_fixed_1_swap_0_10,69.734,,,,,,,
case_021,5,6567937,1387229,4.734573022911142,59209728,local1_fixed_1_swap_0_13,82.488,,,,,,,
case_022,2,56780,39773,1.4276016393030448,144620,fixed_8,9.311,,,,,,,
case_022,3,56780,31562,1.798998796020531,262156,local1_a_selected_move_18_2_0,10.299,,,,,,,
case_022,4,56780,32088,1.769508850660683,433318,local1_fixed_2_move_465_1_0,11.144,,,,,,,
case_022,5,56780,29686,1.9126861146668463,427478,local1_fixed_2_swap_0_23,10.203,,,,,,,
case_023,2,122614,82193,1.4917815385738444,822416,local1_fixed_1_move_904_1_249,7.182,,,,,,,
case_023,3,122614,62012,1.9772624653292912,993034,local1_fixed_1_swap_0_17,8.074,,,,,,,
case_023,4,122614,52816,2.3215313541351104,965658,local1_fixed_1_swap_0_19,8.448,,,,,,,
case_023,5,122614,46643,2.6287760221255065,1076390,local1_fixed_1_move_494_2_0,8.395,,,,,,,
case_024,2,2555343,1335245,1.9137633917370969,396856,fixed_1,50.024,,,,,,,
case_024,3,2555343,1004417,2.5441056851885224,596276,fixed_1,57.458,,,,,,,
case_024,4,2555343,797552,3.2039829377896365,728560,local1_fixed_1_swap_0_3,58.131,,,,,,,
case_024,5,2555343,696946,3.666486356188284,531552,fixed_1,55.967,,,,,,,
case_025,2,4863026,2432174,1.9994564533623005,27648,local1_fixed_1_move_1_0_0,351.673,,,,,,,
case_025,3,4863026,1623962,2.994544207315196,55296,fixed_4,328.911,,,,,,,
case_025,4,4863026,1219268,3.9884799732298397,82944,fixed_4,304.831,,,,,,,
case_025,5,4863026,978930,4.967695340831316,110592,fixed_4,284.35,,,,,,,
case_026,2,99203,60836,1.6306627654678152,402636,local1_fixed_2_merge_19_20,4.502,,,,,,,
case_026,3,99203,45428,2.1837413049220746,530996,local1_fixed_2_merge_13_14,5.368,,,,,,,
case_026,4,99203,39505,2.511150487280091,688292,local1_fixed_2_move_17_1_0,4.581,,,,,,,
case_026,5,99203,37307,2.659098828638057,660744,local1_fixed_2_move_279_2_37,4.924,,,,,,,
case_027,2,2363952,1120962,2.10886006840553,1744896,fixed_2,11.726,,,,,,,
case_027,3,2363952,839330,2.8164750455720635,2953216,local1_fixed_2_move_0_2_0,12.257,,,,,,,
case_027,4,2363952,559196,4.227412213249022,1843200,fixed_2,11.74,,,,,,,
case_027,5,2363952,559163,4.227661701507432,3317760,fixed_2,12.275,,,,,,,
case_028,2,43836040,22103658,1.9832029612474098,284769720,local1_fixed_1_merge_501_512,379.91,,,,,,,
case_028,3,43836040,15001681,2.922075199439316,278956272,local1_a_selected_move_17_0_0,334.856,,,,,,,
case_028,4,43836040,11557427,3.7928891958391775,280580088,local1_a_selected_move_1_3_0,300.623,,,,,,,
case_028,5,43836040,10575290,4.145138336631903,278820000,local1_fixed_16_move_3_3_0,298.675,,,,,,,
case_029,2,37555,23800,1.5779411764705882,487584,local1_a_selected_move_3_1_0,7.512,,,,,,,
case_029,3,37555,22853,1.6433291033999913,43054,local1_fixed_8_swap_0_1,7.056,,,,,,,
case_029,4,37555,18514,2.028464945446689,180550,fixed_2,5.963,,,,,,,
case_029,5,37555,16225,2.314637904468413,59452,local1_a_selected_move_19_3_0,7.459,,,,,,,
case_030,2,2808034,1426431,1.9685733133954604,7211524,local1_a_selected_move_64_1_0,107.266,,,,,,,
case_030,3,2808034,988944,2.839426701613034,7492120,fixed_16,112.622,,,,,,,
case_030,4,2808034,749038,3.7488538632218926,8482584,local1_a_selected_split_14_1,105.254,,,,,,,
case_030,5,2808034,624499,4.496458761343092,9372552,local1_a_selected_move_64_0_0,115.798,,,,,,,
case_031,2,1414369,763891,1.8515324830375015,5468662,local1_fixed_16_move_78_1_0,57.358,,,,,,,
case_031,3,1414369,559854,2.5263175756536524,14045048,fixed_4,68.493,,,,,,,
case_031,4,1414369,461687,3.0634802366105176,7474218,local1_fixed_16_move_19_2_0,63.396,,,,,,,
case_031,5,1414369,407625,3.4697798221404477,7905324,local1_fixed_16_move_11_1_0,63.654,,,,,,,
case_032,2,41443,22200,1.8668018018018018,82032,fixed_24,6.432,,,,,,,
case_032,3,41443,14073,2.9448589497619557,82032,local1_fixed_24_merge_29_30,6.348,,,,,,,
case_032,4,41443,14073,2.9448589497619557,82032,local1_fixed_24_merge_29_30,6.193,,,,,,,
case_032,5,41443,14073,2.9448589497619557,82032,local1_fixed_24_merge_29_30,6.487,,,,,,,
case_033,2,1774196,948152,1.8712147419401108,12898424,local1_fixed_8_split_22_1,52.413,,,,,,,
case_033,3,1774196,675566,2.62623637068769,17176740,local1_fixed_8_split_22_1,53.831,,,,,,,
case_033,4,1774196,536561,3.3066063318057033,24113996,local1_fixed_4_move_50_1_0,68.231,,,,,,,
case_033,5,1774196,474621,3.738132109620097,13261996,local1_a_selected_move_53_4_13,51.719,,,,,,,
case_034,2,842996,434660,1.9394377214374454,2193484,fixed_16,44.477,,,,,,,
case_034,3,842996,310533,2.714674446838178,5596584,local1_fixed_8_move_295_2_69,49.615,,,,,,,
case_034,4,842996,253639,3.3236055969310714,6260120,local1_fixed_8_move_248_3_65,46.741,,,,,,,
case_034,5,842996,216638,3.8912656136042614,6952904,local1_fixed_8_move_245_0_47,49.297,,,,,,,
case_035,2,169571,118452,1.4315587748623915,156018,local1_fixed_24_merge_123_124,35.869,,,,,,,
case_035,3,169571,114524,1.480659075826901,1249080,local1_fixed_2_merge_1474_1479,39.693,,,,,,,
case_035,4,169571,105834,1.6022355764688097,1551776,local1_fixed_2_merge_1855_1856,38.327,,,,,,,
case_035,5,169571,85995,1.9718704575847432,248118,local1_a_selected_move_154_4_0,35.471,,,,,,,
case_036,2,931510,466068,1.998656848356892,1152,a_selected,34.129,,,,,,,
case_036,3,931510,311345,2.991890025534375,2304,fixed_1,28.21,,,,,,,
case_036,4,931510,233584,3.987901568600589,3456,fixed_1,26.026,,,,,,,
case_036,5,931510,187182,4.976493466252097,4608,a_selected,30.068,,,,,,,
case_037,2,210001,107927,1.9457688993486337,729088,local1_a_selected_move_8_1_7,6.628,,,,,,,
case_037,3,210001,74011,2.837429571279945,2058240,local1_fixed_8_move_5_0_0,7.773,,,,,,,
case_037,4,210001,65878,3.1877257961686754,2752512,local1_fixed_8_merge_25_39,8.477,,,,,,,
case_037,5,210001,72471,2.897724607084213,3055616,local1_fixed_8_move_11_0_0,9.712,,,,,,,
case_038,2,1364555,710415,1.9207857379137547,7175944,a_selected,67.852,,,,,,,
case_038,3,1364555,499748,2.7304861650271737,8698660,local1_fixed_16_move_226_1_56,74.245,,,,,,,
case_038,4,1364555,403599,3.3809672471933774,9441092,local1_a_selected_move_205_0_0,70.898,,,,,,,
case_038,5,1364555,321219,4.248051952094988,10703452,local1_fixed_16_move_208_3_33,72.739,,,,,,,
case_039,2,1435262,731052,1.9632830496325844,10723328,local1_a_selected_move_53_1_25,60.319,,,,,,,
case_039,3,1435262,550615,2.6066525612269915,21016576,local1_fixed_16_move_1_0_0,64.501,,,,,,,
case_039,4,1435262,438148,3.2757470078603577,10788864,local1_fixed_48_move_3_1_0,59.544,,,,,,,
case_039,5,1435262,335425,4.27893567861668,11079680,local1_fixed_48_move_3_4_0,58.319,,,,,,,
case_040,2,253454,178488,1.4200058267222446,717954,local1_fixed_4_split_3_1,30.343,,,,,,,
case_040,3,253454,135089,1.8762001347259956,1564672,local1_a_selected_merge_4_7,29.726,,,,,,,
case_040,4,253454,156892,1.6154679652244857,3179902,local1_fixed_1_move_3017_1_376,40.793,,,,,,,
case_040,5,253454,124168,2.0412183493331617,2986700,local1_fixed_1_swap_0_10,40.352,,,,,,,
case_041,2,6003957,3027536,1.9831166334603454,35010916,local1_a_selected_move_27_0_0,277.447,,,,,,,
case_041,3,6003957,2076367,2.891568301750124,38865632,local1_fixed_16_move_10_0_0,273.015,,,,,,,
case_041,4,6003957,1596198,3.761411178312465,39504588,local1_fixed_16_move_37_3_0,259.898,,,,,,,
case_041,5,6003957,1284104,4.6756002629070545,40316836,local1_fixed_16_move_4_0_0,275.133,,,,,,,
case_042,2,1686740,861574,1.957742457409346,4522120,local1_fixed_4_move_44_0_0,64.557,,,,,,,
case_042,3,1686740,604000,2.792615894039735,9667436,local1_fixed_4_move_142_1_0,66.292,,,,,,,
case_042,4,1686740,448283,3.7626677790592105,2903344,local1_fixed_2_move_382_2_0,52.692,,,,,,,
case_042,5,1686740,383193,4.401802746918655,11488576,local1_fixed_2_move_480_3_0,56.116,,,,,,,
case_043,2,677656,482993,1.4030348265916897,4019720,fixed_4,94.635,,,,,,,
case_043,3,677656,419993,1.6134935582259704,5721394,fixed_4,87.091,,,,,,,
case_043,4,677656,386997,1.751062669736458,6082948,fixed_4,105.002,,,,,,,
case_043,5,677656,381093,1.7781906253854045,6540190,fixed_4,103.967,,,,,,,
case_044,2,154407,82205,1.878316404111672,0,adaptive_reuse_63,9.85,,,,,,,
case_044,3,154407,80927,1.907978795704771,0,local1_adaptive_reuse_42_merge_17_18,11.614,,,,,,,
case_044,4,154407,76983,2.0057285374693112,54784,local1_adaptive_critical_31_move_16_1_0,11.669,,,,,,,
case_044,5,154407,75601,2.042393619132022,26624,local1_adaptive_critical_25_move_42_1_0,11.761,,,,,,,
case_045,2,125614,63059,1.99200748505368,0,fixed_4,11.989,,,,,,,
case_045,3,125614,44660,2.8126735333631885,0,fixed_8,11.66,,,,,,,
case_045,4,125614,37053,3.390116859633498,0,fixed_8,11.616,,,,,,,
case_045,5,125614,34994,3.589586786306224,0,fixed_4,12.177,,,,,,,
case_046,2,276455,150352,1.8387184739810578,3553184,local1_a_selected_split_0_1,6.789,,,,,,,
case_046,3,276455,132915,2.0799383064364445,4050240,local1_fixed_1_move_4_1_0,6.224,,,,,,,
case_046,4,276455,106184,2.6035466736984856,4579360,local1_a_selected_move_42_0_0,7.21,,,,,,,
case_046,5,276455,106184,2.6035466736984856,4579360,local1_a_selected_move_42_0_0,7.069,,,,,,,
case_047,2,326508,215262,1.5167934888647323,869574,fixed_4,172.309,,,,,,,
case_047,3,326508,209325,1.5598136868505912,1429452,fixed_4,150.242,,,,,,,
case_047,4,326508,206889,1.5781796035555298,1755986,fixed_4,162.526,,,,,,,
case_047,5,326508,205158,1.5914953353025474,2009624,fixed_4,157.533,,,,,,,
case_048,2,222220,150276,1.4787457744416939,892262,fixed_1,14.864,,,,,,,
case_048,3,222220,135690,1.637703589063306,1118538,fixed_1,14.508,,,,,,,
case_048,4,222220,120337,1.846647332075754,1192206,local1_fixed_1_swap_0_5,16.083,,,,,,,
case_048,5,222220,100325,2.2150012459506603,1064404,local1_a_selected_swap_0_7,14.963,,,,,,,
case_049,2,196276,137913,1.4231870817109338,628798,local1_fixed_8_merge_501_502,43.609,,,,,,,
case_049,3,196276,121826,1.6111174954443221,1755192,local1_fixed_4_swap_0_0,46.425,,,,,,,
case_049,4,196276,113164,1.7344385140150578,1975850,local1_fixed_4_merge_996_1003,49.412,,,,,,,
case_049,5,196276,107178,1.8313086640915113,2092300,local1_fixed_4_merge_994_1003,48.874,,,,,,,
case_050,2,149690,98961,1.5126160810824467,552730,local1_fixed_8_merge_546_547,44.78,,,,,,,
case_050,3,149690,85281,1.7552561531876971,719356,local1_fixed_8_merge_546_547,45.428,,,,,,,
case_050,4,149690,81132,1.845017995365577,840606,local1_fixed_8_merge_554_555,43.56,,,,,,,
case_050,5,149690,80165,1.8672737478949666,1570256,fixed_4,53.813,,,,,,,
case_051,2,607628,319230,1.903417598596623,394084,fixed_1,9.033,,,,,,,
case_051,3,607628,239805,2.5338420800233523,591348,local1_fixed_1_swap_0_15,10.662,,,,,,,
case_051,4,607628,194257,3.1279593528161147,722708,local1_fixed_1_swap_0_3,10.963,,,,,,,
case_051,5,607628,171113,3.5510335275519687,526008,fixed_1,10.188,,,,,,,
case_052,2,180301,96382,1.8706916229171422,1078496,local1_adaptive_reuse_72_merge_6_7,8.561,,,,,,,
case_052,3,180301,78412,2.2994057032086928,1295496,local1_fixed_2_move_412_1_105,9.183,,,,,,,
case_052,4,180301,60035,3.003264762222037,2042632,local1_adaptive_reuse_24_move_1_0_0,11.412,,,,,,,
case_052,5,180301,54289,3.321133194569802,1358194,local1_fixed_2_move_391_4_64,9.936,,,,,,,
case_053,2,1472686,752819,1.9562285223938292,6103358,local1_a_selected_move_9_0_0,143.026,,,,,,,
case_053,3,1472686,531222,2.772260937988261,6268248,local1_a_selected_move_3_0_0,136.383,,,,,,,
case_053,4,1472686,499360,2.949146908042294,6087544,local1_a_selected_move_1_3_0,139.158,,,,,,,
case_053,5,1472686,510618,2.884124727291243,7257418,local1_a_selected_move_240_0_9,142.915,,,,,,,
case_054,2,815051,733161,1.111694430009234,840102,local1_fixed_16_move_966_0_586,209.434,,,,,,,
case_054,3,815051,702326,1.1605023877800338,4624260,local1_fixed_4_split_3842_2,226.845,,,,,,,
case_054,4,815051,629719,1.2943090489567568,10510422,local1_fixed_1_move_15373_3_1705,274.749,,,,,,,
case_054,5,815051,577017,1.4125251075791527,11141064,local1_fixed_1_swap_0_1,280.795,,,,,,,
case_055,2,118835,76616,1.551046778740733,49240,local1_a_selected_merge_0_2,8.911,,,,,,,
case_055,3,118835,66631,1.783479161351323,786250,fixed_2,10.225,,,,,,,
case_055,4,118835,64285,1.8485649840553784,1561558,fixed_1,11.157,,,,,,,
case_055,5,118835,62151,1.9120368135669579,553236,local1_a_selected_move_6_1_0,9.916,,,,,,,
case_056,2,277285,243718,1.137728850556791,207102,local1_fixed_16_move_468_1_218,65.665,,,,,,,
case_056,3,277285,245013,1.1317154599960002,282300,fixed_16,63.446,,,,,,,
case_056,4,277285,244131,1.1358041379423343,384936,local1_fixed_16_move_468_0_150,64.808,,,,,,,
case_056,5,277285,245173,1.1309769020242848,311334,fixed_16,64.832,,,,,,,
case_057,2,59726,42570,1.403006812309138,590690,fixed_1,6.041,,,,,,,
case_057,3,59726,35627,1.6764251831476127,888864,local1_fixed_1_swap_0_17,7.215,,,,,,,
case_057,4,59726,42977,1.3897200828350047,1168840,fixed_1,7.683,,,,,,,
case_057,5,59726,43503,1.3729168103349194,1356520,local1_fixed_1_swap_0_17,8.257,,,,,,,
case_058,2,4539717,2273222,1.9970407641664563,60686336,local1_fixed_16_move_9_0_0,308.246,,,,,,,
case_058,3,4539717,1598885,2.8393017634163806,66191360,local1_fixed_16_move_13_2_0,304.494,,,,,,,
case_058,4,4539717,1370747,3.311856236052313,67870720,local1_fixed_16_move_17_2_0,288.354,,,,,,,
case_058,5,4539717,1089907,4.165233363947566,31735808,local1_a_selected_move_4_1_0,273.86,,,,,,,
case_059,2,829473,369318,2.2459587672412393,360448,fixed_2,21.366,,,,,,,
case_059,3,829473,264654,3.1341789657439523,3080192,local1_fixed_2_move_129_2_0,23.353,,,,,,,
case_059,4,829473,185216,4.478408992743607,1081344,fixed_2,22.8,,,,,,,
case_059,5,829473,164161,5.052801822600983,4124672,local1_fixed_2_move_215_3_0,25.311,,,,,,,
case_060,2,888789,481316,1.8465810403144711,6568276,local1_fixed_16_move_171_1_0,56.607,,,,,,,
case_060,3,888789,354366,2.508110258884882,8084852,local1_fixed_16_split_93_1,57.228,,,,,,,
case_060,4,888789,310016,2.8669133206028077,8444360,local1_fixed_16_move_123_3_0,59.426,,,,,,,
case_060,5,888789,269460,3.2984079269650413,9330132,local1_fixed_16_move_93_2_19,61.582,,,,,,,
case_061,2,77191,55761,1.3843187891178421,501564,local1_fixed_2_move_8_1_0,9.309,,,,,,,
case_061,3,77191,44275,1.7434443817052512,160904,local1_a_selected_move_3_2_0,8.597,,,,,,,
case_061,4,77191,35693,2.16263693161124,135340,local1_a_selected_move_6_3_0,9.093,,,,,,,
case_061,5,77191,35523,2.1729865157785095,217596,local1_a_selected_move_2_3_0,9.318,,,,,,,
case_062,2,2854809,1564275,1.8250045548257179,11046912,fixed_384,376.476,,,,,,,
case_062,3,2854809,1071447,2.664442571587769,10063872,a_selected,332.331,,,,,,,
case_062,4,2854809,818747,3.4868023943904527,10423296,local1_fixed_192_move_11_1_0,325.747,,,,,,,
case_062,5,2854809,697244,4.094418883489855,10297344,local1_fixed_48_move_1_3_0,298.523,,,,,,,
case_063,2,1070397,571813,1.8719354054559796,3308544,local1_fixed_16_move_11_0_0,90.194,,,,,,,
case_063,3,1070397,395565,2.7059952220241934,3271680,local1_fixed_48_move_0_1_0,79.731,,,,,,,
case_063,4,1070397,303504,3.5267970109125417,3213312,a_selected,77.368,,,,,,,
case_063,5,1070397,254085,4.212751638231301,3502080,fixed_48,75.289,,,,,,,
case_064,2,19116,13595,1.4061051857300477,74726,local1_fixed_2_swap_0_12,5.211,,,,,,,
case_064,3,19116,12055,1.5857320613853172,102796,local1_fixed_2_swap_0_0,5.842,,,,,,,
case_064,4,19116,10325,1.8514285714285714,128050,local1_fixed_2_swap_0_0,5.127,,,,,,,
case_064,5,19116,10905,1.7529573590096286,141048,fixed_2,5.874,,,,,,,
case_065,2,53068,26789,1.9809623352868715,63160,local1_fixed_24_move_2_1_4,5.032,,,,,,,
case_065,3,53068,20106,2.6394111210583904,63172,local1_a_selected_merge_0_3,4.678,,,,,,,
case_065,4,53068,15989,3.3190318343861405,63180,a_selected,5.242,,,,,,,
case_065,5,53068,14900,3.5616107382550335,150736,local1_a_selected_move_14_2_0,5.639,,,,,,,
case_066,2,359070,256499,1.3998884985906377,1416426,local1_fixed_4_move_1190_1_212,53.238,,,,,,,
case_066,3,359070,244504,1.4685649314530642,1862908,fixed_4,49.885,,,,,,,
case_066,4,359070,236499,1.5182728045361713,2036246,fixed_4,49.717,,,,,,,
case_066,5,359070,234918,1.5284907925318623,2174164,fixed_4,48.862,,,,,,,
case_067,2,63834834,32277590,1.977682782388648,267734912,local1_a_selected_move_0_1_0,106.967,,,,,,,
case_067,3,63834834,21617310,2.952949927627443,266690176,local1_a_selected_split_0_1,105.908,,,,,,,
case_067,4,63834834,17181697,3.7152810924322552,267706880,local1_a_selected_move_31_0_0,105.416,,,,,,,
case_067,5,63834834,15905614,4.013352392432005,262815616,local1_fixed_1_move_4_1_0,110.312,,,,,,,
case_068,2,362095,233160,1.5529893635271916,1586610,fixed_4,46.543,,,,,,,
case_068,3,362095,217573,1.6642460231738314,2124670,fixed_4,48.842,,,,,,,
case_068,4,362095,209137,1.731377039930763,2381762,fixed_4,48.638,,,,,,,
case_068,5,362095,206539,1.753155578365345,2424874,fixed_4,47.461,,,,,,,
case_069,2,25144,15648,1.6068507157464214,203110,local1_fixed_4_split_18_1,6.135,,,,,,,
case_069,3,25144,15264,1.6472746331236898,297868,local1_fixed_4_split_17_1,6.616,,,,,,,
case_069,4,25144,14938,1.6832239925023431,340594,local1_fixed_4_move_125_3_19,7.33,,,,,,,
case_069,5,25144,15165,1.6580283547642598,388980,local1_fixed_4_merge_243_244,8.004,,,,,,,
case_070,2,117300,67230,1.7447568049977689,240532,local1_a_selected_move_0_1_0,7.726,,,,,,,
case_070,3,117300,44631,2.628218054715332,369412,local1_fixed_4_merge_14_15,9.939,,,,,,,
case_070,4,117300,40898,2.868110910068952,445214,local1_fixed_4_split_10_1,9.055,,,,,,,
case_070,5,117300,38575,3.0408295528191833,455436,local1_fixed_4_split_10_1,9.308,,,,,,,
case_071,2,18919,13113,1.4427667200488066,133990,local1_fixed_4_split_15_2,4.316,,,,,,,
case_071,3,18919,13251,1.4277413025432042,196684,local1_fixed_4_split_89_1,4.84,,,,,,,
case_071,4,18919,13528,1.3985068007096393,209744,local1_fixed_4_merge_88_89,5.08,,,,,,,
case_071,5,18919,13600,1.3911029411764706,232082,local1_fixed_4_swap_1_3,5.377,,,,,,,
case_072,2,23897828,11759176,2.0322706284862138,134009838,local1_fixed_16_move_46_0_0,621.464,,,,,,,
case_072,3,23897828,7865185,3.0384317724249335,134678302,local1_fixed_16_move_46_1_0,587.252,,,,,,,
case_072,4,23897828,6060147,3.943440315886727,144259344,local1_fixed_16_split_46_1,579.596,,,,,,,
case_072,5,23897828,4902409,4.874711187907822,149149410,local1_fixed_16_split_46_1,537.936,,,,,,,
case_073,2,10081626,5312131,1.897849657698577,143645056,local1_a_selected_merge_11_31,59.787,,,,,,,
case_073,3,10081626,3955712,2.5486248746117006,143427328,local1_a_selected_move_5_2_0,58.798,,,,,,,
case_073,4,10081626,3127075,3.2239795975472285,144968704,local1_a_selected_move_54_3_0,56.817,,,,,,,
case_073,5,10081626,3197931,3.1525464433097525,142290688,local1_a_selected_move_42_4_0,58.3,,,,,,,
case_074,2,1682239,862860,1.9496082794427834,8094048,fixed_2,46.148,,,,,,,
case_074,3,1682239,599695,2.805157621791077,9232816,local1_fixed_2_move_1_0_0,47.549,,,,,,,
case_074,4,1682239,477149,3.525605209274252,8028492,local1_fixed_4_split_0_1,46.818,,,,,,,
case_074,5,1682239,394142,4.268103881342257,12681708,local1_fixed_2_move_12_3_0,50.895,,,,,,,
case_075,2,1441809,959724,1.5023162909336434,5156358,fixed_1,89.682,,,,,,,
case_075,3,1441809,796841,1.8094061425052175,7685900,local1_fixed_1_swap_0_1,99.943,,,,,,,
case_075,4,1441809,636045,2.266834893757517,9161746,a_selected,94.875,,,,,,,
case_075,5,1441809,573688,2.513228444729539,9649940,a_selected,93.137,,,,,,,
case_076,2,6185113,3189150,1.9394236708840913,45742012,local1_a_selected_split_708_1,847.256,,,,,,,
case_076,3,6185113,2137226,2.8939910893840897,52466932,local1_a_selected_split_708_2,858.312,,,,,,,
case_076,4,6185113,1649600,3.7494622938894278,51999092,local1_a_selected_move_715_3_0,776.041,,,,,,,
case_076,5,6185113,1392492,4.441758372759054,53169512,local1_a_selected_split_708_1,735.883,,,,,,,
case_077,2,495320,281500,1.7595737122557726,2614918,fixed_2,50.229,,,,,,,
case_077,3,495320,222860,2.2225612492147535,4066332,local1_fixed_2_swap_0_0,53.507,,,,,,,
case_077,4,495320,202562,2.445276014257363,4054934,local1_fixed_2_move_2034_3_211,50.706,,,,,,,
case_077,5,495320,164726,3.0069327246457753,4269042,local1_fixed_2_swap_0_0,48.694,,,,,,,
case_078,2,2296143,1203556,1.9077990554656368,12549000,local1_a_selected_move_16_1_0,8.066,,,,,,,
case_078,3,2296143,896611,2.560913261157849,14491128,local1_a_selected_move_4_2_0,8.42,,,,,,,
case_078,4,2296143,657024,3.494762748392753,14227296,local1_a_selected_move_8_0_0,7.949,,,,,,,
case_078,5,2296143,603586,3.8041687514289597,14922600,local1_a_selected_move_11_4_0,8.703,,,,,,,
case_079,2,31052251,14997472,2.0704990147672886,40783872,local1_a_selected_merge_0_2,395.229,,,,,,,
case_079,3,31052251,10001130,3.104874249209839,40869888,local1_fixed_48_split_8_2,358.439,,,,,,,
case_079,4,31052251,8204821,3.784634789716924,224258048,fixed_4,422.652,,,,,,,
case_079,5,31052251,6697972,4.636067603746328,161071104,local1_a_selected_move_41_1_0,394.943,,,,,,,
case_080,2,292138,156004,1.8726314709879235,3784704,local2_fixed_8_split_2_2,13.059,,,,,,,
case_080,3,292138,129084,2.2631619720492084,5238784,local1_fixed_8_merge_40_46,13.577,,,,,,,
case_080,4,292138,126756,2.3047271924011485,5545984,local1_fixed_8_move_24_1_0,14.405,,,,,,,
case_080,5,292138,132635,2.2025709654314474,5824512,local1_fixed_8_swap_0_10,14.131,,,,,,,
case_081,2,151795,82834,1.8325204626119709,14348,local1_a_selected_move_4_1_0,41.894,,,,,,,
case_081,3,151795,57311,2.6486189387726613,8200,local1_fixed_16_move_40_2_27,41.447,,,,,,,
case_081,4,151795,43228,3.511497177755159,0,fixed_24,38.331,,,,,,,
case_081,5,151795,36868,4.117256157101009,8200,local1_fixed_16_move_40_1_41,38.26,,,,,,,
case_082,2,721041,501895,1.4366371452196176,3592070,local1_fixed_1_swap_0_2,48.432,,,,,,,
case_082,3,721041,384483,1.875352096191509,4119308,local1_fixed_1_swap_0_1,51.178,,,,,,,
case_082,4,721041,340254,2.1191257119681177,5323538,fixed_1,55.062,,,,,,,
case_082,5,721041,295059,2.443718036053806,5116374,local1_fixed_1_swap_0_0,56.239,,,,,,,
case_083,2,1057993,588191,1.7987235438828544,14255232,local1_fixed_1_move_0_1_0,34.881,,,,,,,
case_083,3,1057993,482061,2.1947284679739703,14975968,a_selected,40.522,,,,,,,
case_083,4,1057993,363754,2.9085398373626132,14409920,local1_a_selected_move_42_3_0,36.673,,,,,,,
case_083,5,1057993,356909,2.964321437677391,15182624,local1_a_selected_move_2_1_0,35.059,,,,,,,
case_084,2,2507412,1253876,1.999728840810415,9216,local1_fixed_1_move_16_1_0,138.525,,,,,,,
case_084,3,2507412,836168,2.9986940423455573,9216,local1_fixed_1_move_7_1_1436,141.624,,,,,,,
case_084,4,2507412,627852,3.993635442747654,9216,local1_fixed_1_move_32_1_0,147.993,,,,,,,
case_084,5,2507412,503420,4.9807556314806725,9216,local1_fixed_1_move_7_2_1720,140.455,,,,,,,
case_085,2,3187899,2270897,1.4038060731067943,15902342,local1_fixed_1_swap_0_2,406.792,,,,,,,
case_085,3,3187899,1686610,1.8901221977813485,20173324,local1_fixed_1_swap_0_1,380.863,,,,,,,
case_085,4,3187899,1495900,2.1310909820175143,26305010,local1_fixed_1_swap_0_1,432.882,,,,,,,
case_085,5,3187899,1219650,2.61378182265404,26506324,local1_fixed_1_swap_0_0,360.603,,,,,,,
case_086,2,118403,94790,1.2491085557548265,325414,local1_fixed_16_split_225_1,31.607,,,,,,,
case_086,3,118403,91874,1.288754163310621,436492,local1_fixed_16_split_225_1,35.517,,,,,,,
case_086,4,118403,90391,1.3098981093250435,462316,local1_fixed_16_split_163_2,36.927,,,,,,,
case_086,5,118403,89153,1.3280876695119626,2778744,fixed_4,43.055,,,,,,,
case_087,2,3974071,2283704,1.7401865565765091,12814366,local1_fixed_4_merge_511_512,602.341,,,,,,,
case_087,3,3974071,1789827,2.220365990679546,13741884,fixed_4,531.531,,,,,,,
case_087,4,3974071,1553448,2.558225959285409,18567128,fixed_4,510.202,,,,,,,
case_087,5,3974071,1391400,2.856167169757079,19549802,fixed_4,498.361,,,,,,,
case_088,2,243623,132430,1.8396360341312392,1342458,local1_fixed_2_swap_0_21,30.784,,,,,,,
case_088,3,243623,114528,2.127191603799944,1813644,local1_fixed_2_swap_0_17,31.32,,,,,,,
case_088,4,243623,111240,2.190066522833513,2318122,local1_fixed_2_swap_0_20,32.383,,,,,,,
case_088,5,243623,107616,2.2638176479333927,2309560,local1_a_selected_swap_0_12,32.691,,,,,,,
case_089,2,693092,346832,1.998350786547954,238720,fixed_16,34.451,,,,,,,
case_089,3,693092,243614,2.8450417463692563,477440,fixed_16,34.408,,,,,,,
case_089,4,693092,178160,3.8902784014369107,716160,fixed_16,32.907,,,,,,,
case_089,5,693092,147432,4.701096098540344,954880,fixed_16,32.51,,,,,,,
case_090,2,1178363,652852,1.804946603518102,21752856,local1_fixed_1_merge_245_256,12.342,,,,,,,
case_090,3,1178363,504447,2.3359500601648935,21670368,local1_fixed_1_move_0_2_0,11.847,,,,,,,
case_090,4,1178363,489493,2.407313281293093,21553344,local1_fixed_1_move_217_2_0,10.465,,,,,,,
case_090,5,1178363,458600,2.5694788486698648,21618936,local1_fixed_1_move_217_1_0,11.094,,,,,,,
case_091,2,9186769,4634177,1.9823949322608956,71155732,local1_a_selected_split_64_2,906.04,,,,,,,
case_091,3,9186769,3124069,2.9406421561111484,79873092,local1_fixed_16_move_50_0_0,834.821,,,,,,,
case_091,4,9186769,2399292,3.828949956903953,79719968,local1_a_selected_move_121_1_0,745.293,,,,,,,
case_091,5,9186769,1968372,4.667191465840807,81855424,fixed_16,591.377,,,,,,,
case_092,2,4815554,2549768,1.8886243768060467,66403104,local1_fixed_1_move_0_1_0,290.569,,,,,,,
case_092,3,4815554,1831933,2.628673646907392,67442752,local1_a_selected_move_31_0_0,266.356,,,,,,,
case_092,4,4815554,1808909,2.662131704801071,67222688,local1_a_selected_move_51_3_0,264.731,,,,,,,
case_092,5,4815554,1649430,2.919526139332982,66980256,fixed_1,257.571,,,,,,,
case_093,2,74205,37827,1.9616940280751844,8192,fixed_16,5.886,,,,,,,
case_093,3,74205,25103,2.956021192686133,16384,fixed_4,4.773,,,,,,,
case_093,4,74205,19779,3.751706355225239,24576,fixed_4,5.103,,,,,,,
case_093,5,74205,15876,4.674036281179139,32768,fixed_16,5.285,,,,,,,
case_094,2,94892,50296,1.886670908223318,390068,local1_fixed_4_move_123_1_0,4.463,,,,,,,
case_094,3,94892,42927,2.2105434807929742,458824,local1_fixed_4_move_119_1_27,4.707,,,,,,,
case_094,4,94892,37104,2.5574601121172917,1188240,local1_fixed_2_move_239_3_34,4.249,,,,,,,
case_094,5,94892,34668,2.737163955232491,1228180,local1_fixed_2_move_260_0_0,4.386,,,,,,,
case_095,2,2084853,1042787,1.999308583632132,0,local1_fixed_1_swap_0_15,55.752,,,,,,,
case_095,3,2084853,695672,2.9968907761128807,0,local1_fixed_1_swap_0_15,52.439,,,,,,,
case_095,4,2084853,524319,3.9763064088846676,0,local1_fixed_1_swap_0_15,52.158,,,,,,,
case_095,5,2084853,420749,4.955099120853525,0,local1_fixed_1_swap_0_15,51.794,,,,,,,
case_096,2,84194,46721,1.8020590312707347,114048,local1_fixed_4_swap_0_1,9.134,,,,,,,
case_096,3,84194,32111,2.621967550060727,208156,local1_fixed_4_swap_0_3,9.012,,,,,,,
case_096,4,84194,29818,2.8235964853444226,226320,local1_fixed_4_swap_0_6,8.865,,,,,,,
case_096,5,84194,29730,2.8319542549613184,278712,local1_fixed_4_merge_62_63,8.729,,,,,,,
case_097,2,11491509,5605050,2.0502063317900823,92143616,fixed_1,117.388,,,,,,,
case_097,3,11491509,4149567,2.7693272575186763,13385728,local1_a_selected_move_309_2_0,80.242,,,,,,,
case_097,4,11491509,2848231,4.034612712241388,11851776,local1_fixed_4_move_0_2_0,74.588,,,,,,,
case_097,5,11491509,2591914,4.433599648753778,100177920,local1_fixed_1_move_13_2_0,110.629,,,,,,,
case_098,2,177430,113927,1.5574007917350585,907806,local1_fixed_1_swap_0_22,10.334,,,,,,,
case_098,3,177430,90666,1.9569629188449915,1019686,local1_fixed_1_merge_959_976,9.395,,,,,,,
case_098,4,177430,75598,2.3470197624275775,1134418,fixed_1,9.785,,,,,,,
case_098,5,177430,67558,2.6263358891619055,1430962,local1_fixed_1_merge_935_968,11.164,,,,,,,
case_099,2,1622999,856969,1.8938829759302844,6639384,local1_fixed_1_move_5818_0_1529,72.927,,,,,,,
case_099,3,1622999,577336,2.8111862069921156,12049740,fixed_1,88.161,,,,,,,
case_099,4,1622999,447235,3.6289624023164557,11888516,local1_fixed_1_move_5806_1_781,78.982,,,,,,,
case_099,5,1622999,407756,3.980319112410363,16985472,local1_fixed_1_merge_5817_5820,80.195,,,,,,,
case_100,2,151223,86478,1.7486875274636324,397772,local1_fixed_4_split_109_1,10.159,,,,,,,
case_100,3,151223,69343,2.1807969081233867,530876,local1_fixed_4_split_109_1,12.504,,,,,,,
case_100,4,151223,61233,2.4696323877647672,905764,fixed_4,11.728,,,,,,,
case_100,5,151223,56967,2.6545719451612335,954712,local1_a_selected_move_116_3_0,11.975,,,,,,,
