case,cores,singlecore_makespan,makespan,speedup,added_copy_bytes,partition_added_copy_bytes,spill_added_copy_bytes,selected_source,total_seconds,paired_no_l2_makespan,paired_with_l2_makespan,paired_no_l2_added_copy_bytes,paired_with_l2_added_copy_bytes,paired_l2_speedup,paired_cache_hit_rate,cache_hit_rate
case_001,5,233110,47502,4.9073723211654245,4608,4608,0,seed_reference_a_affinity_64_bundle_5,0.094,,,,,,,
case_001,2,233110,116868,1.9946435294520313,1152,1152,0,seed_reference_a_affinity_64_bundle_2,0.062,,,,,,,
case_001,3,233110,78545,2.9678528232223567,2304,2304,0,seed_reference_a_affinity_64_bundle_3,0.078,,,,,,,
case_001,4,233110,58984,3.952088702020887,3456,3456,0,seed_reference_a_affinity_64_bundle_4,0.078,,,,,,,
case_002,5,261945,64143,4.083765960432159,927744,927744,0,round4_round3_round2_round1_polish_seed_reference_a_refine1_merge_35_36_critical_order_merge_0_5_merge_0_10_merge_0_15_merge_0_20,0.125,,,,,,,
case_002,2,261945,142820,1.83409186388461,540672,540672,0,round1_seed_reference_a_refine1_split_1_1_merge_1_4,0.125,,,,,,,
case_002,3,261945,98332,2.6638835780824146,717312,717312,0,round4_round3_round2_round1_polish_seed_reference_a_refine1_merge_17_18_critical_order_splitmove_0_18_2_0_merge_10_13_split_0_1_merge_10_16,0.125,,,,,,,
case_002,4,261945,80206,3.265902800289255,540672,,,local2_fixed_384_merge_0_4,0.125,,,,,,,
case_003,5,602212,509581,1.1817787554873513,1864570,1864570,0,round4_round3_round2_round1_structure_affinity_4096_bundle_5_merge_83_91_merge_82_83_splitmove_82_108_2_0_move_54_1_12,0.64,,,,,,,
case_003,2,602212,531346,1.1333707226552943,1262098,1262098,0,round4_round3_round2_round1_structure_affinity_64_bundle_0_worksplit_0_1_9_worksplit_0_1_9_placement_splitmove_0_12_1_0,0.656,,,,,,,
case_003,3,602212,516699,1.1654986752441945,1691884,1691884,0,round4_round3_round2_round1_structure_affinity_4096_bundle_3_batchmerge_2_worksplit_92_1_17_swap_0_10_worksplit_86_0_17,0.688,,,,,,,
case_003,4,602212,509216,1.182625840507761,2105740,2105740,0,round4_round3_round2_round1_structure_affinity_4096_bundle_4_split_86_1_split_106_1_split_106_1_split_106_1,0.672,,,,,,,
case_004,5,392357,88341,4.441391879195391,442368,442368,0,seed_reference_a_affinity_64_bundle_5,0.094,,,,,,,
case_004,2,392357,199074,1.9709103147573264,110592,110592,0,seed_reference_a_affinity_64_bundle_2,0.063,,,,,,,
case_004,3,392357,134043,2.927098020784375,221184,221184,0,seed_reference_a_affinity_64_bundle_3,0.078,,,,,,,
case_004,4,392357,104188,3.765855952700887,331776,331776,0,seed_reference_a_affinity_64_bundle_4,0.078,,,,,,,
case_005,5,95618,55047,1.7370247243264847,1804938,1804938,0,fork_separators_3,0.235,,,,,,,
case_005,2,95618,93418,1.0235500652979084,311474,311474,0,seed_reference_a_refine1_merge_6_4,0.203,,,,,,,
case_005,3,95618,93714,1.0203171351132168,437912,437912,0,round2_round1_polish_seed_reference_a_refine1_merge_6_4_placement_merge_0_1_split_0_2,0.218,,,,,,,
case_005,4,95618,93714,1.0203171351132168,437912,437912,0,round2_round1_polish_seed_reference_a_refine1_merge_6_4_placement_merge_0_1_split_0_2,0.218,,,,,,,
case_006,5,82837,25014,3.3116254897257535,492494,492494,0,round2_round1_seed_reference_a_affinity_64_bundle_4_merge_35_5_worksplit_6_1_7,0.079,,,,,,,
case_006,2,82837,44168,1.8754980981706213,25812,25812,0,seed_reference_local2_fixed_192_split_3_1,0.062,,,,,,,
case_006,3,82837,30917,2.67933499369279,51840,51840,0,round6_round5_round4_round3_round2_round1_polish_seed_reference_components_total_placement_merge_10_3_merge_10_5_merge_10_6_merge_10_7_merge_10_18_merge_10_19,0.079,,,,,,,
case_006,4,82837,27434,3.0195013486914046,637516,637516,0,round2_round1_seed_reference_a_affinity_64_bundle_3_swap_0_1_merge_11_4,0.078,,,,,,,
case_007,5,1012562,203834,4.967581463347626,110592,110592,0,seed_reference_a_affinity_64_bundle_5,0.203,,,,,,,
case_007,2,1012562,507494,1.9952196479170197,27648,27648,0,seed_reference_a_affinity_64_bundle_2,0.203,,,,,,,
case_007,3,1012562,338094,2.994912657426633,55296,55296,0,seed_reference_a_affinity_64_bundle_3,0.188,,,,,,,
case_007,4,1012562,254398,3.980227831979811,82944,82944,0,seed_reference_a_affinity_64_bundle_4,0.203,,,,,,,
case_008,5,487605,100603,4.846823653370178,0,0,0,seed_reference_a_affinity_64_bundle_5,0.094,,,,,,,
case_008,2,487605,244266,1.9962049568912579,0,0,0,seed_reference_a_affinity_64_bundle_2,0.078,,,,,,,
case_008,3,487605,163359,2.984867684057811,0,0,0,seed_reference_a_affinity_64_bundle_3,0.079,,,,,,,
case_008,4,487605,123060,3.962335446123842,0,0,0,seed_reference_a_affinity_64_bundle_4,0.093,,,,,,,
case_009,5,153261,91910,1.6675116962245675,177970,177970,0,round4_round3_round2_round1_seed_reference_a_affinity_64_bundle_4_split_0_1_split_0_1_worksplit_3_1_0_merge_0_5,0.281,,,,,,,
case_009,2,153261,91844,1.668709986498846,40364,40364,0,round4_round1_seed_reference_a_affinity_64_bundle_2_split_0_1_split_0_2,0.25,,,,,,,
case_009,3,153261,91844,1.668709986498846,40364,40364,0,round4_round1_seed_reference_a_affinity_64_bundle_2_split_0_1_split_0_2,0.234,,,,,,,
case_009,4,153261,91814,1.66925523340667,64940,64940,0,round4_round1_seed_reference_a_affinity_64_bundle_3_split_0_1_split_0_2,0.282,,,,,,,
case_010,5,86969,21260,4.0907337723424275,358262,358262,0,round1_seed_reference_a_affinity_64_bundle_4_move_4_2_0,0.094,,,,,,,
case_010,2,86969,44326,1.962031313450345,58752,58752,0,round5_round4_round3_round2_round1_structure_components_total_batchmerge_4_splitmove_16_35_0_0_merge_16_21_batchmerge_2_merge_18_34,0.063,,,,,,,
case_010,3,86969,29856,2.9129488210075025,48384,48384,0,round2_round1_seed_reference_a_affinity_64_bundle_2_batchmerge_4_merge_2_6,0.078,,,,,,,
case_010,4,86969,26426,3.2910391281313855,309876,309876,0,seed_reference_a_affinity_64_bundle_3,0.079,,,,,,,
case_011,5,184697,46880,3.9397824232081913,540672,,,a_affinity_64_bundle_4,0.078,,,,,,,
case_011,2,184697,92646,1.9935777043801135,180224,180224,0,seed_reference_a_affinity_64_bundle_2,0.063,,,,,,,
case_011,3,184697,65076,2.83817382752474,1527808,1527808,0,round6_round5_round4_round3_round2_round1_structure_components_total_worksplit_0_1_5_merge_10_13_merge_12_15_merge_10_16_merge_1_4_batchmerge_2,0.078,,,,,,,
case_011,4,184697,46880,3.9397824232081913,540672,540672,0,seed_reference_a_affinity_64_bundle_4,0.078,,,,,,,
case_012,5,59088,13406,4.407578696106221,53568,53568,0,seed_reference_a_affinity_64_bundle_5,0.093,,,,,,,
case_012,2,59088,29156,2.026615447935245,41672,41672,0,round3_round2_round1_seed_reference_a_affinity_64_bundle_2_split_1_1_split_1_1_merge_3_2,0.078,,,,,,,
case_012,3,59088,20661,2.8598809350951067,39168,39168,0,seed_reference_a_affinity_64_bundle_3,0.078,,,,,,,
case_012,4,59088,15705,3.7623686723973258,70046,70046,0,round6_round3_round1_seed_reference_a_affinity_64_bundle_4_split_0_1_split_1_2_merge_0_4,0.094,,,,,,,
case_013,5,263949,54363,4.855305998565201,32768,32768,0,seed_reference_a_affinity_64_bundle_5,0.125,,,,,,,
case_013,2,263949,132198,1.9966187083011846,8192,8192,0,seed_reference_a_affinity_64_bundle_2,0.125,,,,,,,
case_013,3,263949,88351,2.98750438591527,16384,16384,0,seed_reference_a_affinity_64_bundle_3,0.125,,,,,,,
case_013,4,263949,66982,3.9405959810098237,24576,24576,0,seed_reference_a_affinity_64_bundle_4,0.125,,,,,,,
case_014,5,17698626,3678370,4.811540437748242,148864992,147321312,1543680,round4_round3_round2_round1_seed_reference_a_affinity_64_bundle_0_batchmerge_4_move_220_1_0_merge_262_281_worksplit_0_2_66,1.406,,,,,,,
case_014,2,17698626,8804960,2.0100745488906253,77892024,41401176,36490848,round2_round1_seed_reference_a_affinity_64_bundle_2_swap_0_0_merge_10_11,1.469,,,,,,,
case_014,3,17698626,5936896,2.9811244798628778,84667560,50521776,34145784,round1_seed_reference_a_affinity_64_bundle_3_swap_0_0,1.125,,,,,,,
case_014,4,17698626,4494341,3.9379802289145394,91068312,55171080,35897232,round2_round1_seed_reference_a_affinity_64_bundle_4_swap_0_0_merge_0_6,1.297,,,,,,,
case_015,5,177362,40931,4.3331948889594685,354816,354816,0,round5_round4_round3_round2_round1_polish_seed_reference_components_total_critical_order_batchmerge_4_merge_15_42_merge_17_35_merge_17_21_placement,0.109,,,,,,,
case_015,2,177362,94897,1.8689948048937268,1039912,1039912,0,round5_round3_round2_round1_polish_seed_reference_a_refine1_merge_3_4_placement_merge_0_1_merge_10_11_merge_10_12_merge_10_13,0.078,,,,,,,
case_015,3,177362,58855,3.013541755160989,226560,226560,0,round5_round4_round3_round2_round1_polish_seed_reference_components_pipe_placement_batchmerge_4_merge_13_19_merge_13_36_merge_13_44_merge_13_26,0.094,,,,,,,
case_015,4,177362,45695,3.88143122879965,345856,329472,16384,round6_round5_round4_round3_round2_round1_polish_seed_reference_components_pipe_placement_batchmerge_4_merge_12_41_merge_12_27_swap_0_0_merge_16_31_merge_16_40,0.094,,,,,,,
case_016,5,7715523,3222794,2.394047835511671,119555954,119555954,0,round1_seed_reference_a_affinity_64_bundle_5_split_12_2,0.812,,,,,,,
case_016,2,7715523,4550193,1.695647415395347,119554128,119554128,0,round1_seed_reference_a_affinity_64_bundle_2_split_0_1,0.907,,,,,,,
case_016,3,7715523,3712678,2.0781557140155975,119554736,119554736,0,seed_reference_a_affinity_64_bundle_3,0.734,,,,,,,
case_016,4,7715523,3241241,2.3804224986664058,119555344,119555344,0,round1_seed_reference_a_affinity_64_bundle_4_split_0_2,0.828,,,,,,,
case_017,5,162810,33154,4.910719671834469,388910,388910,0,round3_round2_round1_seed_reference_a_affinity_64_bundle_5_split_0_1_split_0_1_split_0_1,0.109,,,,,,,
case_017,2,162810,78486,2.074382692454705,143424,143424,0,round2_round1_seed_reference_a_affinity_64_bundle_2_split_1_1_split_0_1,0.078,,,,,,,
case_017,3,162810,53546,3.040563254024577,207948,207948,0,round2_round1_seed_reference_a_affinity_64_bundle_3_split_1_1_split_0_1,0.094,,,,,,,
case_017,4,162810,39980,4.072286143071536,260352,260352,0,round4_round3_round2_round1_structure_components_pipe_batchmerge_4_merge_0_26_merge_0_30_merge_0_50,0.109,,,,,,,
case_018,5,1004367,200515,5.008936987257811,7372560,7372560,0,round6_round4_round3_round2_round1_structure_affinity_64_bundle_0_batchmerge_4_merge_19_38_merge_20_39_merge_19_57_batchmerge_2,0.157,,,,,,,
case_018,2,1004367,505604,1.9864696481831632,3326988,1373196,1953792,round5_round4_round3_round2_round1_seed_reference_a_affinity_64_bundle_2_move_0_1_1_merge_0_6_worksplit_3_1_1_merge_0_7_merge_0_8,0.141,,,,,,,
case_018,3,1004367,334417,3.0033371509223517,6312336,6025616,286720,round6_round5_round4_round3_round2_round1_structure_affinity_64_bundle_0_batchmerge_4_swap_0_0_merge_13_30_merge_13_42_merge_13_53_batchmerge_2,0.156,,,,,,,
case_018,4,1004367,257945,3.893725406578922,4881444,4099108,782336,round5_round4_round3_round2_round1_seed_reference_a_affinity_64_bundle_4_swap_1_0_split_0_1_split_1_1_merge_0_12_merge_0_1,0.156,,,,,,,
case_019,5,81144,24099,3.3671106684924688,54336,,,a_affinity_64_bundle_4,0.078,,,,,,,
case_019,2,81144,39705,2.0436720816018132,59440,59440,0,round1_seed_reference_a_affinity_64_bundle_2_split_0_2,0.062,,,,,,,
case_019,3,81144,27275,2.975032080659945,78912,78912,0,round5_round2_round1_structure_affinity_64_bundle_0_batchmerge_4_swap_1_0_batchmerge_2,0.062,,,,,,,
case_019,4,81144,24099,3.3671106684924688,54336,54336,0,seed_reference_a_affinity_64_bundle_4,0.078,,,,,,,
case_020,5,532746,107650,4.948871342313051,0,0,0,seed_reference_a_affinity_64_bundle_5,0.297,,,,,,,
case_020,2,532746,266580,1.9984469952734638,0,0,0,round1_seed_reference_a_affinity_64_bundle_2_batchmerge_2,0.312,,,,,,,
case_020,3,532746,177950,2.993796010115201,0,0,0,round1_seed_reference_a_affinity_64_bundle_3_batchmerge_2,0.281,,,,,,,
case_020,4,532746,133704,3.984518039849219,0,0,0,seed_reference_a_affinity_64_bundle_4,0.313,,,,,,,
case_021,5,6567937,1247835,5.2634659229785985,13969408,13875200,94208,round4_round3_round2_round1_structure_components_total_batchmerge_4_merge_1_21_merge_0_20_merge_0_40,0.203,,,,,,,
case_021,2,6567937,3109651,2.1121138674404296,9455616,9455616,0,round3_round2_round1_seed_reference_a_affinity_64_bundle_0_batchmerge_4_split_0_1_placement,0.188,,,,,,,
case_021,3,6567937,2102267,3.1242163816489534,11673600,11673600,0,round2_round1_structure_components_total_batchmerge_4_merge_0_12,0.203,,,,,,,
case_021,4,6567937,1550324,4.236493145948847,4608000,4608000,0,seed_reference_a_affinity_64_bundle_4,0.219,,,,,,,
case_022,5,56780,11775,4.82208067940552,20736,20736,0,round3_round2_round1_seed_reference_components_total_batchmerge_4_merge_0_26_merge_2_23,0.109,,,,,,,
case_022,2,56780,28415,1.9982403660038712,6912,6912,0,round4_round3_round2_round1_structure_components_total_batchmerge_4_swap_0_0_merge_0_17_batchmerge_4,0.094,,,,,,,
case_022,3,56780,19161,2.963310891915871,20736,20736,0,round2_round1_structure_components_total_batchmerge_4_merge_0_15,0.093,,,,,,,
case_022,4,56780,14654,3.874709976798144,13824,13824,0,round5_round2_round1_structure_components_total_batchmerge_4_merge_0_20_batchmerge_2,0.094,,,,,,,
case_023,5,122614,24517,5.001182852714443,270912,270912,0,seed_reference_a_affinity_64_bundle_5,0.094,,,,,,,
case_023,2,122614,59932,2.0458853367149437,121286,121286,0,round1_seed_reference_a_affinity_64_bundle_2_split_0_2,0.079,,,,,,,
case_023,3,122614,40096,3.0580107741420592,207264,207264,0,round5_round4_round3_round2_round1_structure_components_pipe_batchmerge_4_merge_0_18_merge_0_26_merge_0_30_merge_0_40,0.094,,,,,,,
case_023,4,122614,30142,4.0678787074513965,281280,281280,0,seed_reference_a_affinity_64_bundle_4,0.078,,,,,,,
case_024,5,2555343,1067126,2.394602886631944,39327650,39327650,0,round1_seed_reference_a_affinity_64_bundle_5_split_12_2,0.297,,,,,,,
case_024,2,2555343,1506717,1.6959674577243105,39327048,39327048,0,round1_seed_reference_a_affinity_64_bundle_2_split_0_1,0.313,,,,,,,
case_024,3,2555343,1228774,2.0795874587190157,39327248,39327248,0,seed_reference_a_affinity_64_bundle_3,0.266,,,,,,,
case_024,4,2555343,1072721,2.382113336086457,39327448,39327448,0,round1_seed_reference_a_affinity_64_bundle_4_split_0_2,0.282,,,,,,,
case_025,5,4863026,1065520,4.563993167655229,3580416,3580416,0,round2_round1_seed_reference_a_refine1_merge_14_15_move_7_4_0_swap_0_12,0.781,,,,,,,
case_025,2,4863026,2431840,1.9997310678334101,27648,27648,0,round3_round2_round1_seed_reference_a_affinity_64_bundle_2_batchmerge_4_merge_0_8_merge_1_9,0.922,,,,,,,
case_025,3,4863026,1622164,2.9978633479722148,55296,55296,0,round1_seed_reference_a_affinity_64_bundle_3_batchmerge_4,0.797,,,,,,,
case_025,4,4863026,1271366,3.8250401536614946,14611968,14611968,0,round2_round1_seed_reference_a_refine1_move_7_3_0_split_0_2_worksplit_7_1_0,0.828,,,,,,,
case_026,5,99203,31278,3.1716541978387367,848100,848100,0,round5_round1_seed_reference_a_affinity_64_bundle_4_merge_21_8_placement,0.078,,,,,,,
case_026,2,99203,59074,1.679300538307885,844200,844200,0,round3_round2_round1_seed_reference_a_affinity_64_bundle_2_move_0_1_0_merge_0_1_placement,0.062,,,,,,,
case_026,3,99203,40069,2.4758042376899847,846940,846940,0,round1_seed_reference_a_affinity_64_bundle_3_merge_17_6,0.063,,,,,,,
case_026,4,99203,33388,2.971217203785791,846940,846940,0,round1_seed_reference_a_affinity_64_bundle_3_merge_17_6,0.078,,,,,,,
case_027,5,2363952,558753,4.230763861670542,5529600,,,a_affinity_64_bundle_5,0.094,,,,,,,
case_027,2,2363952,1116984,2.1163705120216583,1843200,1843200,0,round1_structure_components_total_batchmerge_4,0.078,,,,,,,
case_027,3,2363952,770646,3.0674940244937363,4755456,4755456,0,round6_round5_round4_round3_round2_round1_structure_components_total_worksplit_0_1_5_merge_10_13_merge_12_15_merge_10_16_merge_1_4_batchmerge_2,0.094,,,,,,,
case_027,4,2363952,559196,4.227412213249022,3317760,3317760,0,seed_reference_a_affinity_64_bundle_4,0.109,,,,,,,
case_028,5,43836040,8908297,4.920810341190914,333663888,333332112,331776,round4_round3_round2_round1_seed_reference_a_refine1_merge_3_4_batchmerge_2_worksplit_0_2_0_worksplit_12_4_0_merge_0_3,0.859,,,,,,,
case_028,2,43836040,20545831,2.1335734728860567,326618112,326618112,0,round1_seed_reference_a_affinity_64_bundle_0_worksplit_0_1_76,0.89,,,,,,,
case_028,3,43836040,13971456,3.1375427156625624,337695744,337695744,0,round3_round2_round1_polish_seed_reference_a_refine1_move_9_0_0_placement_move_0_2_0_split_0_1_move_24_0_0,0.875,,,,,,,
case_028,4,43836040,10717203,4.090250040052428,337688064,337688064,0,round2_round1_seed_reference_a_refine1_move_1_3_0_splitmove_17_408_3_0_merge_128_129,0.907,,,,,,,
case_029,5,37555,9383,4.002451241607162,0,0,0,seed_reference_a_affinity_64_bundle_5,0.078,,,,,,,
case_029,2,37555,19740,1.9024822695035462,0,,,a_affinity_64_bundle_2,0.079,,,,,,,
case_029,3,37555,12743,2.9471082162756024,0,0,0,seed_reference_a_affinity_64_bundle_3,0.079,,,,,,,
case_029,4,37555,11028,3.405422560754443,0,0,0,seed_reference_a_affinity_64_bundle_4,0.078,,,,,,,
case_030,5,2808034,561081,5.0046855979796145,11112684,7550188,3562496,round1_seed_reference_a_affinity_64_bundle_5_split_1_1,0.422,,,,,,,
case_030,2,2808034,1397159,2.00981706448586,8569344,3458048,5111296,round2_round1_seed_reference_a_affinity_64_bundle_2_batchmerge_2_swap_0_0,0.438,,,,,,,
case_030,3,2808034,936254,2.9992224332285895,9648128,4769792,4878336,round3_round2_round1_seed_reference_a_affinity_64_bundle_3_merge_0_3_swap_1_0_merge_4_1,0.438,,,,,,,
case_030,4,2808034,699795,4.012652276738188,11777024,7752704,4024320,round1_seed_reference_a_affinity_64_bundle_4_merge_2_5,0.422,,,,,,,
case_031,5,1414369,304683,4.6421001499919585,11748888,11748888,0,round2_round1_seed_reference_a_affinity_64_bundle_0_batchmerge_4_merge_0_46,0.281,,,,,,,
case_031,2,1414369,719423,1.965976900933109,7850520,7475736,374784,round4_round3_round2_round1_structure_affinity_64_bundle_0_batchmerge_4_merge_0_26_merge_0_34_batchmerge_2,0.265,,,,,,,
case_031,3,1414369,486566,2.9068389488784665,10985472,10948608,36864,round4_round3_round2_round1_structure_components_pipe_batchmerge_4_merge_0_18_merge_0_30_worksplit_2_1_8,0.281,,,,,,,
case_031,4,1414369,368991,3.8330718093395233,11541528,11504664,36864,round3_round2_round1_seed_reference_a_affinity_64_bundle_0_batchmerge_4_merge_0_40_merge_0_56,0.281,,,,,,,
case_032,5,41443,10027,4.133140520594395,43152,43152,0,round1_structure_affinity_64_bundle_0_batchmerge_2,0.093,,,,,,,
case_032,2,41443,18665,2.220358960621484,24648,24648,0,round2_round1_structure_affinity_64_bundle_0_batchmerge_4_swap_0_0,0.078,,,,,,,
case_032,3,41443,13833,2.995951709679751,30864,30864,0,round1_structure_affinity_64_bundle_0_batchmerge_4,0.078,,,,,,,
case_032,4,41443,10220,4.05508806262231,18576,18576,0,round6_round2_round1_structure_affinity_64_bundle_0_batchmerge_4_swap_1_0_merge_12_1,0.078,,,,,,,
case_033,5,1774196,355406,4.99202602094506,7895232,6589120,1306112,round3_round2_round1_seed_reference_a_affinity_64_bundle_5_merge_0_7_merge_0_11_swap_1_0,0.188,,,,,,,
case_033,2,1774196,893971,1.9846236622888214,8937048,8937048,0,round2_round1_structure_affinity_4096_bundle_2_batchmerge_4_merge_33_41,0.172,,,,,,,
case_033,3,1774196,593910,2.9873145762826017,7107712,4087936,3019776,round1_seed_reference_a_affinity_64_bundle_3_merge_0_5,0.172,,,,,,,
case_033,4,1774196,444928,3.98760248849252,7313056,5359264,1953792,round1_seed_reference_a_affinity_64_bundle_4_swap_1_0,0.188,,,,,,,
case_034,5,842996,184900,4.559199567333694,5204144,5204144,0,round4_round3_round2_round1_seed_reference_a_affinity_64_bundle_5_batchmerge_2_merge_0_7_swap_0_0_merge_0_14,0.204,,,,,,,
case_034,2,842996,425201,1.9825823551684967,2610824,2188936,421888,round3_round2_round1_seed_reference_a_affinity_64_bundle_2_batchmerge_2_merge_0_4_placement,0.188,,,,,,,
case_034,3,842996,284702,2.960976740591917,3225600,3102720,122880,round6_round2_round1_structure_components_pipe_batchmerge_4_merge_0_14_batchmerge_4,0.203,,,,,,,
case_034,4,842996,213899,3.941093693752659,3835392,3778048,57344,round6_round1_structure_components_pipe_batchmerge_4_batchmerge_4,0.219,,,,,,,
case_035,5,169571,95406,1.7773620107750037,188428,188428,0,round4_round3_round2_round1_structure_components_pipe_batchmerge_4_worksplit_1_2_0_worksplit_2_4_0_worksplit_1_3_0,0.219,,,,,,,
case_035,2,169571,95406,1.7773620107750037,0,0,0,round1_polish_seed_reference_components_total_placement_batchmerge_4,0.172,,,,,,,
case_035,3,169571,95406,1.7773620107750037,172032,172032,0,round2_round1_polish_seed_reference_components_total_critical_order_batchmerge_4_worksplit_1_2_0,0.188,,,,,,,
case_035,4,169571,95406,1.7773620107750037,101892,101892,0,round3_round2_round1_polish_seed_reference_components_pipe_critical_order_batchmerge_4_worksplit_1_2_0_worksplit_3_1_0,0.235,,,,,,,
case_036,5,931510,187182,4.976493466252097,4608,4608,0,seed_reference_a_affinity_64_bundle_5,0.172,,,,,,,
case_036,2,931510,466068,1.998656848356892,1152,1152,0,seed_reference_a_affinity_64_bundle_2,0.156,,,,,,,
case_036,3,931510,311345,2.991890025534375,2304,2304,0,seed_reference_a_affinity_64_bundle_3,0.141,,,,,,,
case_036,4,931510,233584,3.987901568600589,3456,3456,0,seed_reference_a_affinity_64_bundle_4,0.156,,,,,,,
case_037,5,210001,43800,4.794543378995434,1925120,1925120,0,seed_reference_a_affinity_64_bundle_5,0.093,,,,,,,
case_037,2,210001,105374,1.992910964754114,204800,204800,0,seed_reference_a_affinity_64_bundle_2,0.063,,,,,,,
case_037,3,210001,74038,2.836394824279424,1064960,1064960,0,seed_reference_a_affinity_64_bundle_3,0.078,,,,,,,
case_037,4,210001,53320,3.938503375843961,614400,614400,0,seed_reference_a_affinity_64_bundle_4,0.078,,,,,,,
case_038,5,1364555,275133,4.959619529463932,9676800,8567808,1108992,seed_reference_a_affinity_64_bundle_5,0.25,,,,,,,
case_038,2,1364555,677432,2.0143054948688577,8882688,8818176,64512,round4_round3_round2_round1_structure_affinity_64_bundle_0_batchmerge_4_merge_24_32_merge_16_24_batchmerge_2,0.265,,,,,,,
case_038,3,1364555,449432,3.0361767742394843,7914508,5315596,2598912,round1_seed_reference_a_affinity_64_bundle_3_split_0_1,0.266,,,,,,,
case_038,4,1364555,337986,4.037312196363163,8947240,6936616,2010624,round1_seed_reference_a_affinity_64_bundle_4_split_0_2,0.25,,,,,,,
case_039,5,1435262,395323,3.6306058590064327,17604608,,,a_affinity_64_bundle_4,0.219,,,,,,,
case_039,2,1435262,695716,2.062999844764243,16187392,16187392,0,round2_round1_structure_components_total_batchmerge_4_merge_0_8,0.235,,,,,,,
case_039,3,1435262,479316,2.994396181224912,14671872,9805824,4866048,round1_seed_reference_a_affinity_64_bundle_3_split_0_1,0.235,,,,,,,
case_039,4,1435262,395323,3.6306058590064327,17604608,12607488,4997120,seed_reference_a_affinity_64_bundle_4,0.25,,,,,,,
case_040,5,253454,110202,2.2999038129979494,213760,213760,0,round5_round4_round3_round2_round1_polish_seed_reference_components_pipe_placement_batchmerge_4_merge_12_22_merge_14_24_worksplit_4_2_0_merge_15_2,0.172,,,,,,,
case_040,2,253454,133706,1.8956067790525482,160256,160256,0,round5_round4_round3_round2_round1_structure_components_pipe_batchmerge_4_move_13_0_0_worksplit_5_0_4_batchmerge_2_merge_13_20,0.157,,,,,,,
case_040,3,253454,110105,2.301929975932065,0,0,0,round5_round4_round3_round2_round1_structure_components_total_batchmerge_4_merge_10_14_merge_10_18_merge_10_22_batchmerge_4,0.157,,,,,,,
case_040,4,253454,110202,2.2999038129979494,24576,24576,0,round5_round4_round3_round2_round1_polish_seed_reference_components_pipe_placement_batchmerge_4_merge_11_17_merge_14_22_merge_2_7_merge_2_14,0.172,,,,,,,
case_041,5,6003957,1194663,5.025649074257761,37487616,22382592,15105024,round1_seed_reference_a_affinity_64_bundle_5_swap_0_0,0.672,,,,,,,
case_041,2,6003957,2965696,2.0244681181078574,44233728,43659264,574464,round4_round3_round2_round1_structure_components_pipe_batchmerge_4_merge_0_9_merge_0_17_batchmerge_2,0.719,,,,,,,
case_041,3,6003957,1993408,3.011905741323402,51102720,50780160,322560,round4_round3_round2_round1_structure_components_pipe_batchmerge_4_merge_14_26_merge_0_14_merge_0_38,0.687,,,,,,,
case_041,4,6003957,1499841,4.003062324606408,56088576,56088576,0,round1_structure_components_pipe_batchmerge_4,0.704,,,,,,,
case_042,5,1686740,360579,4.677865322162411,10729574,8020070,2709504,round6_round5_round4_round3_round2_round1_seed_reference_a_affinity_64_bundle_5_swap_0_3_swap_0_4_merge_12_27_merge_11_26_merge_11_29_merge_13_28,0.25,,,,,,,
case_042,2,1686740,847173,1.9910219046168847,8197648,3168784,5028864,round3_round2_round1_seed_reference_a_affinity_64_bundle_2_merge_13_5_merge_12_13_placement,0.218,,,,,,,
case_042,3,1686740,572667,2.9454115568035175,9058100,4760372,4297728,round2_round1_seed_reference_a_affinity_64_bundle_3_merge_17_18_merge_16_17,0.234,,,,,,,
case_042,4,1686740,436785,3.861716862987511,9494336,6582080,2912256,round3_round2_round1_seed_reference_a_affinity_64_bundle_4_swap_0_2_merge_12_25_merge_10_24,0.235,,,,,,,
case_043,5,677656,268865,2.5204321871571236,1686562,1686562,0,round1_seed_reference_a_affinity_64_bundle_5_split_0_1,0.406,,,,,,,
case_043,2,677656,352019,1.9250551816805344,1084700,1084700,0,round1_seed_reference_a_affinity_64_bundle_2_batchmerge_2,0.391,,,,,,,
case_043,3,677656,268343,2.525335112151239,571426,571426,0,round1_seed_reference_a_affinity_64_bundle_3_split_0_1,0.391,,,,,,,
case_043,4,677656,268502,2.5238396734474975,571426,571426,0,round1_seed_reference_a_affinity_64_bundle_3_split_0_1,0.406,,,,,,,
case_044,5,154407,96266,1.60396193879459,222336,210048,12288,round5_round4_round3_round2_round1_seed_reference_a_refine1_merge_14_15_merge_3_4_merge_10_11_batchmerge_2_merge_0_2_batchmerge_2,0.11,,,,,,,
case_044,2,154407,95180,1.6222630804790923,190592,190592,0,round7_round1_polish_seed_reference_local2_adaptive_critical_220_merge_0_1_placement_worksplit_3_1_0_move_4_0_4,0.094,,,,,,,
case_044,3,154407,97099,1.5902017528501837,405248,405248,0,round3_round2_round1_seed_reference_a_refine1_merge_0_1_split_0_1_merge_10_2_merge_10_3,0.093,,,,,,,
case_044,4,154407,95867,1.610637654250159,202016,202016,0,round4_round3_round2_round1_seed_reference_a_refine1_merge_4_5_merge_2_3_merge_10_11_batchmerge_2_merge_0_2,0.093,,,,,,,
case_045,5,125614,26164,4.801024308209754,0,0,0,seed_reference_a_affinity_64_bundle_5,0.125,,,,,,,
case_045,2,125614,63059,1.99200748505368,0,0,0,seed_reference_a_affinity_64_bundle_2,0.11,,,,,,,
case_045,3,125614,42601,2.94861622966597,0,0,0,seed_reference_a_affinity_64_bundle_3,0.109,,,,,,,
case_045,4,125614,31878,3.940460505677897,0,0,0,seed_reference_a_affinity_64_bundle_4,0.109,,,,,,,
case_046,5,276455,100132,2.7609056046019256,3931104,3069728,861376,round2_round1_seed_reference_a_affinity_64_bundle_4_worksplit_0_4_0_worksplit_2_0_1,0.094,,,,,,,
case_046,2,276455,139390,1.9833201807877179,5516896,4652000,864896,round2_round1_seed_reference_a_affinity_64_bundle_0_merge_0_2_merge_0_4,0.078,,,,,,,
case_046,3,276455,127946,2.160716239663608,5549664,4684768,864896,round3_round2_round1_structure_components_total_worksplit_0_2_0_merge_1_4_merge_1_7,0.094,,,,,,,
case_046,4,276455,115315,2.3973897584876207,4563488,2837504,1725984,round3_round2_round1_seed_reference_a_affinity_64_bundle_4_split_0_1_split_0_1_merge_5_4,0.093,,,,,,,
case_047,5,326508,320705,1.0180945105314854,639128,639128,0,round2_round1_polish_seed_reference_a_refine1_merge_1_2_placement_split_11_1_split_13_1,0.656,,,,,,,
case_047,2,326508,320863,1.0175931783970105,644180,644180,0,round2_round1_seed_reference_a_refine1_merge_1_2_split_10_1_split_12_1,0.672,,,,,,,
case_047,3,326508,320767,1.017897726387066,263148,263148,0,round3_round2_round1_seed_reference_a_refine1_merge_1_2_split_10_1_merge_0_1_batchmerge_2,0.688,,,,,,,
case_047,4,326508,320705,1.0180945105314854,639128,639128,0,round2_round1_polish_seed_reference_a_refine1_merge_1_2_placement_split_11_1_split_13_1,0.703,,,,,,,
case_048,5,222220,172299,1.2897347053668333,3277470,3277470,0,round6_round5_round4_round3_round2_round1_seed_reference_a_chains_8_merge_229_231_placement_merge_506_508_merge_504_506_merge_227_229_merge_225_227,0.125,,,,,,,
case_048,2,222220,218441,1.0172998658676713,171090,171090,0,seed_reference_local1_adaptive_critical_192_split_8_2,0.11,,,,,,,
case_048,3,222220,189218,1.174412582312465,3269278,3269278,0,round6_round5_round4_round3_round2_round1_seed_reference_a_chains_8_merge_226_228_merge_504_506_merge_368_370_merge_646_648_merge_226_230_merge_224_226,0.125,,,,,,,
case_048,4,222220,172534,1.2879780217232546,3320606,3320606,0,round4_round1_seed_reference_a_chains_8_swap_0_12_swap_0_122,0.141,,,,,,,
case_049,5,196276,160206,1.2251476224361135,103040,103040,0,round2_round1_seed_reference_a_affinity_64_bundle_4_worksplit_3_3_0_worksplit_1_1_0,0.25,,,,,,,
case_049,2,196276,160206,1.2251476224361135,0,,,a_affinity_64_bundle_0,0.234,,,,,,,
case_049,3,196276,160206,1.2251476224361135,0,,,a_affinity_64_bundle_2,0.25,,,,,,,
case_049,4,196276,160206,1.2251476224361135,37520,37520,0,round3_round2_round1_structure_affinity_64_bundle_0_merge_1_6_worksplit_1_3_0_worksplit_10_1_0,0.25,,,,,,,
case_050,5,149690,108134,1.384300959920099,286984,286984,0,round3_round2_round1_polish_seed_reference_components_total_placement_batchmerge_4_worksplit_5_4_0_worksplit_7_1_0,0.235,,,,,,,
case_050,2,149690,108121,1.3844674022622803,3456,3456,0,round5_round4_round3_round2_round1_seed_reference_components_total_batchmerge_4_merge_13_17_batchmerge_2_merge_1_9_batchmerge_2,0.219,,,,,,,
case_050,3,149690,108121,1.3844674022622803,227460,227460,0,round5_round4_round3_round2_round1_polish_seed_reference_components_total_placement_batchmerge_4_worksplit_4_2_0_merge_11_12_merge_11_22_batchmerge_2,0.25,,,,,,,
case_050,4,149690,108121,1.3844674022622803,353800,353800,0,round3_round2_round1_polish_seed_reference_components_total_critical_order_batchmerge_4_worksplit_4_1_0_worksplit_6_2_0,0.25,,,,,,,
case_051,5,607628,252724,2.4043145882464665,9045400,9045400,0,round3_round2_round1_seed_reference_a_affinity_64_bundle_5_split_12_2_splitmove_0_145_2_0_split_18_2,0.109,,,,,,,
case_051,2,607628,357954,1.69750303111573,9045258,9045258,0,round1_seed_reference_a_affinity_64_bundle_2_split_0_1,0.078,,,,,,,
case_051,3,607628,291222,2.086476983194951,9045304,9045304,0,seed_reference_a_affinity_64_bundle_3,0.094,,,,,,,
case_051,4,607628,253786,2.3942534261149158,9045352,9045352,0,round2_round1_seed_reference_a_affinity_64_bundle_4_split_0_2_split_5_1,0.109,,,,,,,
case_052,5,180301,37262,4.8387365144114645,355360,355360,0,round2_round1_seed_reference_a_affinity_64_bundle_5_split_0_1_split_0_1,0.094,,,,,,,
case_052,2,180301,90574,1.9906485304833617,102912,102912,0,round4_round3_round2_round1_structure_components_pipe_batchmerge_4_merge_0_8_batchmerge_2_batchmerge_2,0.063,,,,,,,
case_052,3,180301,61071,2.952317794042999,181248,181248,0,seed_reference_a_affinity_64_bundle_3,0.094,,,,,,,
case_052,4,180301,45610,3.9531023898267925,254976,254976,0,seed_reference_a_affinity_64_bundle_4,0.078,,,,,,,
case_053,5,1472686,489613,3.0078572260131984,6592844,2301356,4291488,round2_round1_seed_reference_a_affinity_64_bundle_4_split_0_1_split_0_1,0.531,,,,,,,
case_053,2,1472686,731495,2.0132550461725645,9989124,9104388,884736,seed_reference_a_refine1_move_2_0_6,0.484,,,,,,,
case_053,3,1472686,511293,2.880317156698801,6359090,2138930,4220160,round2_round1_seed_reference_a_affinity_64_bundle_3_split_1_1_split_0_1,0.453,,,,,,,
case_053,4,1472686,489613,3.0078572260131984,6592844,2301356,4291488,round2_round1_seed_reference_a_affinity_64_bundle_4_split_0_1_split_0_1,0.485,,,,,,,
case_054,5,815051,515952,1.5797031506806836,334636,334636,0,round2_round1_seed_reference_a_affinity_64_bundle_4_split_0_2_split_0_1,0.735,,,,,,,
case_054,2,815051,515334,1.581597565850497,318418,318418,0,round3_round2_round1_seed_reference_a_affinity_64_bundle_2_split_0_2_split_0_1_split_0_1,0.765,,,,,,,
case_054,3,815051,515897,1.5798715635097704,236332,236332,0,round2_round1_seed_reference_a_affinity_64_bundle_2_split_0_2_split_0_1,0.781,,,,,,,
case_054,4,815051,515897,1.5798715635097704,957228,957228,0,round3_round2_round1_seed_reference_a_affinity_64_bundle_3_split_0_2_split_0_1_worksplit_1_1_0,0.782,,,,,,,
case_055,5,118835,26309,4.516895359002623,215040,215040,0,round1_structure_components_pipe_batchmerge_4,0.109,,,,,,,
case_055,2,118835,56730,2.094747047417592,115712,115712,0,round3_round2_round1_structure_components_total_batchmerge_4_merge_0_7_placement,0.078,,,,,,,
case_055,3,118835,40508,2.933618050755406,189952,189952,0,round3_round2_round1_structure_components_total_batchmerge_2_merge_0_6_merge_0_10,0.078,,,,,,,
case_055,4,118835,31297,3.797009298015784,173568,173568,0,round2_round1_structure_components_pipe_batchmerge_4_merge_0_21,0.093,,,,,,,
case_056,5,277285,264682,1.047615629321223,74150,74150,0,round4_round3_round2_round1_seed_reference_a_affinity_64_bundle_4_split_0_1_worksplit_1_4_0_worksplit_2_1_0_worksplit_1_3_0,0.375,,,,,,,
case_056,2,277285,264682,1.047615629321223,28070,28070,0,round1_seed_reference_a_affinity_64_bundle_0_split_0_1,0.375,,,,,,,
case_056,3,277285,264682,1.047615629321223,28070,28070,0,round1_seed_reference_a_affinity_64_bundle_2_split_0_1,0.391,,,,,,,
case_056,4,277285,264682,1.047615629321223,71846,71846,0,round3_round2_round1_seed_reference_a_affinity_64_bundle_3_split_0_1_worksplit_1_3_0_worksplit_2_1_0,0.375,,,,,,,
case_057,5,59726,13736,4.348136284216657,18208,18208,0,round1_seed_reference_a_affinity_64_bundle_5_split_1_1,0.094,,,,,,,
case_057,2,59726,29847,2.0010721345528864,26448,18256,8192,round1_seed_reference_a_affinity_64_bundle_2_split_1_2,0.078,,,,,,,
case_057,3,59726,20705,2.884617242212026,14112,14112,0,seed_reference_a_affinity_64_bundle_3,0.079,,,,,,,
case_057,4,59726,16485,3.6230512587200487,28224,28224,0,seed_reference_a_affinity_64_bundle_4,0.078,,,,,,,
case_058,5,4539717,1117358,4.062902847610166,33288192,19599360,13688832,round2_round1_seed_reference_a_affinity_64_bundle_5_merge_0_7_merge_1_5,0.672,,,,,,,
case_058,2,4539717,2194333,2.0688368629556226,43929600,43929600,0,round4_round3_round2_round1_structure_components_total_batchmerge_4_merge_0_8_merge_0_16_batchmerge_2,0.687,,,,,,,
case_058,3,4539717,1497151,3.032237229244078,32317440,14327808,17989632,round2_round1_seed_reference_a_affinity_64_bundle_3_merge_0_4_merge_0_8,0.672,,,,,,,
case_058,4,4539717,1166557,3.8915518058697516,44949504,28520448,16429056,round3_round2_round1_seed_reference_a_affinity_64_bundle_4_merge_1_6_swap_0_0_merge_0_8,0.657,,,,,,,
case_059,5,829473,150782,5.501140719714555,4325376,4325376,0,seed_reference_a_affinity_64_bundle_5,0.156,,,,,,,
case_059,2,829473,369318,2.2459587672412393,360448,360448,0,seed_reference_a_affinity_64_bundle_2,0.156,,,,,,,
case_059,3,829473,255117,3.2513435012170886,5406720,5406720,0,round5_round4_round3_round2_round1_structure_components_total_batchmerge_4_merge_0_12_merge_0_24_swap_0_0_merge_0_48,0.172,,,,,,,
case_059,4,829473,185216,4.478408992743607,1081344,1081344,0,seed_reference_a_affinity_64_bundle_4,0.172,,,,,,,
case_060,5,888789,191336,4.645173934858051,5511420,5463292,48128,round1_seed_reference_a_affinity_64_bundle_5_batchmerge_4,0.25,,,,,,,
case_060,2,888789,447900,1.9843469524447421,7492096,7475712,16384,round4_round3_round2_round1_structure_components_pipe_placement_merge_0_7_merge_0_8_batchmerge_2,0.25,,,,,,,
case_060,3,888789,307648,2.8889802631578947,4645024,3804320,840704,round4_round3_round2_round1_seed_reference_a_affinity_64_bundle_3_batchmerge_2_merge_0_13_merge_0_19_merge_0_25,0.266,,,,,,,
case_060,4,888789,222460,3.9952755551559833,6431360,6257280,174080,round4_round3_round2_round1_structure_components_pipe_batchmerge_4_merge_0_18_merge_0_34_merge_0_50,0.25,,,,,,,
case_061,5,77191,22283,3.46412063007674,76800,76800,0,round6_round3_round2_round1_structure_affinity_64_bundle_0_batchmerge_4_merge_16_30_merge_1_21_batchmerge_2,0.094,,,,,,,
case_061,2,77191,40270,1.9168363546064067,27648,27648,0,round4_round3_round2_round1_structure_affinity_64_bundle_0_batchmerge_4_merge_0_13_batchmerge_2_batchmerge_2,0.078,,,,,,,
case_061,3,77191,29096,2.652976354138026,89856,89856,0,round3_round2_round1_structure_affinity_64_bundle_0_batchmerge_4_merge_0_21_merge_11_19,0.093,,,,,,,
case_061,4,77191,23886,3.231641966005191,55296,55296,0,round6_round3_round2_round1_structure_affinity_64_bundle_0_batchmerge_4_merge_13_22_merge_12_30_batchmerge_2,0.094,,,,,,,
case_062,5,2854809,690366,4.135210888137596,11937792,11937792,0,round4_round3_round2_round1_polish_seed_reference_a_refine1_merge_48_49_critical_order_worksplit_0_4_4_worksplit_1_4_5_merge_10_15_merge_10_20,0.765,,,,,,,
case_062,2,2854809,1532743,1.8625490379013312,9698304,9698304,0,round5_round4_round3_round2_round1_seed_reference_a_refine1_merge_24_25_merge_0_4_merge_0_6_merge_0_8_merge_0_10_merge_0_12,0.766,,,,,,,
case_062,3,2854809,1048718,2.72218937788805,9698304,9698304,0,round5_round4_round3_round2_round1_seed_reference_a_refine1_merge_24_25_merge_12_15_merge_0_6_merge_0_9_merge_0_12_merge_0_18,0.781,,,,,,,
case_062,4,2854809,830919,3.435724781837941,11569152,11569152,0,round4_round3_round2_round1_seed_reference_a_refine1_merge_48_49_merge_12_16_merge_0_8_merge_0_12_worksplit_2_1_11,0.781,,,,,,,
case_063,5,1070397,246688,4.339072026203139,3247104,3247104,0,round1_polish_seed_reference_a_refine1_merge_36_37_critical_order_batchmerge_2,0.297,,,,,,,
case_063,2,1070397,582370,1.8380016140941327,3836928,3836928,0,round4_round3_round2_round1_polish_seed_reference_a_refine1_merge_0_4_critical_order_merge_0_6_merge_0_8_merge_0_10_merge_0_12,0.313,,,,,,,
case_063,3,1070397,396738,2.69799464634091,3836928,3836928,0,round4_round3_round2_round1_polish_seed_reference_a_refine1_merge_36_37_critical_order_merge_12_15_merge_0_6_merge_0_9_merge_0_12,0.297,,,,,,,
case_063,4,1070397,305636,3.5021954220052613,3836928,3836928,0,round4_round3_round2_round1_seed_reference_a_refine1_merge_36_37_merge_12_16_merge_0_8_merge_0_12_merge_0_20,0.312,,,,,,,
case_064,5,19116,12958,1.4752276585892885,150202,150202,0,fork_separators_3,0.094,,,,,,,
case_064,2,19116,18789,1.0174038000958008,24398,24398,0,round4_round1_polish_seed_reference_a_refine2_split_2_1_placement_merge_2_1_split_3_2,0.078,,,,,,,
case_064,3,19116,18926,1.0100390996512734,16492,16492,0,seed_reference_a_refine1_merge_2_1,0.078,,,,,,,
case_064,4,19116,18926,1.0100390996512734,16492,16492,0,seed_reference_a_refine1_merge_2_1,0.094,,,,,,,
case_065,5,53068,11263,4.711710911835213,64086,64086,0,round1_seed_reference_a_affinity_64_bundle_5_split_0_1,0.078,,,,,,,
case_065,2,53068,24784,2.141220142027114,35696,35696,0,round4_round3_round2_round1_seed_reference_a_affinity_64_bundle_2_split_1_1_split_0_2_split_0_1_swap_1_0,0.078,,,,,,,
case_065,3,53068,18032,2.9429902395740903,27936,27936,0,seed_reference_a_affinity_64_bundle_3,0.079,,,,,,,
case_065,4,53068,13541,3.9190606306772025,41904,41904,0,seed_reference_a_affinity_64_bundle_4,0.078,,,,,,,
case_066,5,359070,222004,1.6174032900308102,1623268,1623268,0,round2_round1_structure_affinity_4096_bundle_5_merge_1_4_merge_169_227,0.328,,,,,,,
case_066,2,359070,246989,1.4537894400155473,1529410,1529410,0,round3_round2_round1_seed_reference_a_affinity_4096_bundle_2_batchmerge_2_merge_171_222_merge_1_7,0.297,,,,,,,
case_066,3,359070,234534,1.530993374095014,1805670,1805670,0,round4_round3_round2_round1_structure_affinity_4096_bundle_0_split_169_2_swap_0_0_merge_0_3_merge_0_8,0.313,,,,,,,
case_066,4,359070,225296,1.5937699737234572,1759288,1759288,0,round2_round1_structure_affinity_4096_bundle_4_split_169_2_merge_209_169,0.313,,,,,,,
case_067,5,63834834,13997604,4.560411481850751,271254912,193398144,77856768,round5_round4_round3_round2_round1_seed_reference_a_chains_8_batchmerge_2_split_71_1_split_72_1_merge_100_110_merge_100_120,0.469,,,,,,,
case_067,2,63834834,32159367,1.9849530620425457,265724800,265446272,278528,round4_round1_seed_reference_a_refine1_merge_0_2_worksplit_0_1_91_batchmerge_2,0.375,,,,,,,
case_067,3,63834834,21702657,2.9413372749705253,268095744,267505920,589824,round2_round1_polish_seed_reference_a_refine1_merge_105_106_critical_order_split_0_1_merge_104_105,0.437,,,,,,,
case_067,4,63834834,16657887,3.8321087182305895,260402560,253199872,7202688,round4_round3_round2_round1_structure_components_total_worksplit_0_3_8_worksplit_1_3_9_merge_12_16_merge_12_20,0.406,,,,,,,
case_068,5,362095,293354,1.2343278087225673,1343548,1343548,0,round3_round2_round1_structure_affinity_4096_bundle_5_split_58_1_split_235_1_split_235_1,0.297,,,,,,,
case_068,2,362095,297810,1.2158591047983613,1071892,1071892,0,round3_round2_round1_structure_affinity_4096_bundle_0_batchmerge_2_merge_141_143_placement,0.266,,,,,,,
case_068,3,362095,296655,1.2205929446663633,1243250,1243250,0,round2_round1_structure_affinity_4096_bundle_3_swap_0_10_split_52_1,0.281,,,,,,,
case_068,4,362095,293206,1.2349508536660232,1343548,1343548,0,round3_round2_round1_structure_affinity_4096_bundle_4_split_55_1_split_229_1_split_229_1,0.297,,,,,,,
case_069,5,25144,22554,1.1148355058969583,183244,183244,0,round4_round3_round2_round1_polish_seed_reference_a_refine1_merge_7_8_placement_split_0_1_batchmerge_2_placement_split_0_1,0.093,,,,,,,
case_069,2,25144,22996,1.0934075491389807,189226,189226,0,round4_round3_round2_round1_polish_seed_reference_a_refine1_merge_7_8_placement_split_0_1_merge_3_4_placement_batchmerge_2,0.078,,,,,,,
case_069,3,25144,22996,1.0934075491389807,189226,189226,0,round4_round3_round2_round1_polish_seed_reference_a_refine1_merge_7_8_placement_split_0_1_merge_3_4_placement_batchmerge_2,0.078,,,,,,,
case_069,4,25144,22554,1.1148355058969583,183244,183244,0,round4_round3_round2_round1_polish_seed_reference_a_refine1_merge_7_8_placement_split_0_1_batchmerge_2_placement_split_0_1,0.109,,,,,,,
case_070,5,117300,26271,4.464999429028206,475656,475656,0,round1_seed_reference_a_affinity_64_bundle_5_split_0_1,0.109,,,,,,,
case_070,2,117300,57040,2.056451612903226,259584,259584,0,round3_round2_round1_structure_components_pipe_batchmerge_4_merge_0_8_critical_order,0.078,,,,,,,
case_070,3,117300,39333,2.9822286629547707,259072,259072,0,seed_reference_a_affinity_64_bundle_3,0.078,,,,,,,
case_070,4,117300,31225,3.756605284227382,360960,360960,0,seed_reference_a_affinity_64_bundle_4,0.094,,,,,,,
case_071,5,18919,9669,1.9566656324335505,190774,190774,0,fork_fusion_3_0.5,0.094,,,,,,,
case_071,2,18919,16254,1.1639596407038268,95428,95428,0,round12_round11_round10_round6_round5_round1_seed_reference_local1_fixed_741_split_0_2_split_1_2_merge_0_1_split_2_1_worksplit_2_1_0_placement_worksplit_1_1_0,0.079,,,,,,,
case_071,3,18919,18470,1.0243096913914456,37538,37538,0,round5_round1_seed_reference_local1_fixed_741_split_0_2_split_1_2_merge_0_1,0.078,,,,,,,
case_071,4,18919,18470,1.0243096913914456,37538,37538,0,round5_round1_seed_reference_local1_fixed_741_split_0_2_split_1_2_merge_0_1,0.094,,,,,,,
case_072,5,23897828,4714384,5.069130558732594,157369008,157369008,0,round3_round2_round1_structure_components_pipe_batchmerge_4_merge_0_25_merge_0_45,1.203,,,,,,,
case_072,2,23897828,11597023,2.0606864365104736,134204192,132100440,2103752,round4_round3_round2_round1_seed_reference_a_affinity_64_bundle_0_batchmerge_4_merge_0_7_merge_0_15_merge_0_24,1.156,,,,,,,
case_072,3,23897828,7800983,3.063438030822526,145926944,144347480,1579464,round4_round3_round2_round1_structure_components_pipe_batchmerge_4_swap_0_0_merge_0_26_merge_0_38,1.234,,,,,,,
case_072,4,23897828,5842013,4.090683810529008,153725728,152072536,1653192,round3_round2_round1_structure_components_total_batchmerge_4_merge_0_22_merge_0_38,1.047,,,,,,,
case_073,5,10081626,3043880,3.3120970603308937,142741248,142741248,0,round6_round5_round4_round3_round2_round1_seed_reference_a_refine1_merge_38_39_merge_0_1_swap_0_28_merge_0_2_merge_0_3_worksplit_46_0_58_batchmerge_2,0.25,,,,,,,
case_073,2,10081626,5307532,1.8994941528378915,143463424,143463424,0,round3_round2_round1_polish_seed_reference_a_refine1_merge_193_194_placement_merge_0_62_move_0_1_0_merge_0_31,0.235,,,,,,,
case_073,3,10081626,3829802,2.6324144172466357,142490880,142490880,0,round3_round2_round1_polish_seed_reference_a_refine1_move_5_2_0_placement_move_31_0_0_split_0_2_merge_15_16,0.328,,,,,,,
case_073,4,10081626,3388545,2.9752079432322724,144988416,144988416,0,round6_round3_round2_round1_seed_reference_a_refine1_move_42_3_0_move_31_3_0_worksplit_62_1_0_merge_146_147_merge_146_148,0.265,,,,,,,
case_074,5,1682239,339826,4.950295151047889,12787712,12787712,0,round2_round1_structure_components_pipe_batchmerge_2_merge_0_15,0.203,,,,,,,
case_074,2,1682239,859071,1.9582071796161202,7496346,3900058,3596288,round4_round3_round2_round1_seed_reference_a_affinity_64_bundle_2_merge_1_39_swap_0_0_merge_1_41_merge_0_36,0.172,,,,,,,
case_074,3,1682239,546688,3.077146379653477,10665984,10625024,40960,round1_structure_components_total_batchmerge_4,0.187,,,,,,,
case_074,4,1682239,408836,4.114703695369292,10539008,10518528,20480,round4_round3_round2_round1_structure_components_pipe_batchmerge_4_swap_0_0_merge_15_31_merge_0_36,0.203,,,,,,,
case_075,5,1441809,704050,2.0478787017967472,21059694,21059694,0,round3_round2_round1_seed_reference_a_chains_8_merge_429_433_merge_2075_2079_merge_1525_1529,0.453,,,,,,,
case_075,2,1441809,1344327,1.0725136071803958,16799438,16799438,0,round5_round4_round3_round2_round1_seed_reference_a_refine1_merge_910_911_merge_1281_1282_worksplit_1281_0_692_merge_1091_1092_worksplit_1091_1_491_merge_1466_1467,0.375,,,,,,,
case_075,3,1441809,1098457,1.312576641598169,21133422,21133422,0,round1_seed_reference_a_chains_8_swap_0_10,0.437,,,,,,,
case_075,4,1441809,873403,1.650794650350411,21117038,21117038,0,round2_round1_seed_reference_a_chains_8_merge_1519_1523_merge_2617_2621,0.438,,,,,,,
case_076,5,6185113,1231725,5.021504800178612,41390080,27116544,14273536,round2_round1_seed_reference_a_affinity_64_bundle_5_batchmerge_2_merge_11_5,1.11,,,,,,,
case_076,2,6185113,3056257,2.023754219622237,52578304,52578304,0,round4_round3_round2_round1_structure_components_total_batchmerge_4_merge_0_8_merge_0_16_batchmerge_2,1.328,,,,,,,
case_076,3,6185113,2057784,3.0057153714869975,62471168,62471168,0,round2_round1_structure_components_pipe_batchmerge_4_swap_0_0,1.328,,,,,,,
case_076,4,6185113,1532419,4.0361761372052944,37905408,25246720,12658688,round1_seed_reference_a_affinity_64_bundle_4_batchmerge_2,0.937,,,,,,,
case_077,5,495320,115390,4.292573013259381,233308,233308,0,round5_round1_seed_reference_a_affinity_64_bundle_5_split_0_2_split_1_1,0.234,,,,,,,
case_077,2,495320,247394,2.0021504159357137,80802,80802,0,round2_round1_seed_reference_a_affinity_64_bundle_2_merge_0_1_split_2_1,0.219,,,,,,,
case_077,3,495320,168917,2.9323277112427997,114688,114688,0,round1_seed_reference_a_affinity_64_bundle_3_swap_0_0,0.204,,,,,,,
case_077,4,495320,127832,3.8747731397459164,114688,114688,0,seed_reference_a_affinity_64_bundle_4,0.234,,,,,,,
case_078,5,2296143,577661,3.9748970416905416,15137664,15137664,0,round2_round1_seed_reference_a_affinity_64_bundle_0_worksplit_0_3_1_splitmove_1_9_4_0,0.109,,,,,,,
case_078,2,2296143,1073991,2.137953670002821,15088512,15088512,0,round3_round2_round1_seed_reference_a_affinity_64_bundle_0_split_0_1_swap_0_1_placement,0.078,,,,,,,
case_078,3,2296143,783033,2.932370666370383,14990088,13994760,995328,round3_round2_round1_polish_seed_reference_a_refine1_merge_5_6_placement_worksplit_5_2_1_worksplit_2_1_3_swap_1_0,0.078,,,,,,,
case_078,4,2296143,595206,3.8577282487071702,15088512,15088512,0,round2_round1_seed_reference_a_affinity_64_bundle_0_split_0_1_swap_0_1,0.094,,,,,,,
case_079,5,31052251,5956401,5.213257300843244,60893184,60893184,0,round3_round2_round1_seed_reference_a_affinity_64_bundle_0_batchmerge_4_merge_0_20_merge_0_40,0.781,,,,,,,
case_079,2,31052251,14746296,2.105766153073287,47511552,47511552,0,round2_round1_seed_reference_a_affinity_64_bundle_0_batchmerge_4_merge_0_8,0.75,,,,,,,
case_079,3,31052251,9839142,3.1559917521263543,54405120,54405120,0,round4_round3_round2_round1_seed_reference_a_affinity_64_bundle_0_batchmerge_4_merge_0_12_merge_0_24_merge_0_36,0.735,,,,,,,
case_079,4,31052251,7392284,4.2006301435388576,47714304,47714304,0,round1_seed_reference_a_affinity_64_bundle_0_batchmerge_4,0.782,,,,,,,
case_080,5,292138,111314,2.6244497547478303,4190208,,,a_affinity_64_bundle_4,0.093,,,,,,,
case_080,2,292138,145926,2.0019598974822856,2191360,1904640,286720,seed_reference_a_affinity_64_bundle_2,0.079,,,,,,,
case_080,3,292138,100325,2.9119162721156244,3047424,3047424,0,seed_reference_a_affinity_64_bundle_3,0.094,,,,,,,
case_080,4,292138,100325,2.9119162721156244,3047424,,,a_affinity_64_bundle_3,0.093,,,,,,,
case_081,5,151795,30943,4.905632937982743,0,0,0,seed_reference_a_affinity_64_bundle_5,0.188,,,,,,,
case_081,2,151795,76860,1.9749544626593807,0,,,a_affinity_64_bundle_2,0.171,,,,,,,
case_081,3,151795,51943,2.9223379473653814,0,0,0,seed_reference_a_affinity_64_bundle_3,0.187,,,,,,,
case_081,4,151795,39588,3.834369000707285,0,0,0,seed_reference_a_affinity_64_bundle_4,0.187,,,,,,,
case_082,5,721041,407062,1.7713296745950249,11339428,11339428,0,round5_round4_round3_round2_round1_structure_chains_8_merge_1872_1877_merge_2893_2898_merge_1862_1865_merge_1856_1862_merge_1850_1856,0.281,,,,,,,
case_082,2,721041,704638,1.023278619660024,702868,702868,0,round2_round1_polish_seed_reference_a_refine1_merge_12_8_placement_merge_0_1_batchmerge_2,0.235,,,,,,,
case_082,3,721041,564017,1.2784029559392713,11335460,11335460,0,round5_round4_round3_round2_round1_seed_reference_a_chains_8_swap_0_1_merge_1874_1877_merge_1871_1874_merge_1868_1871_placement,0.282,,,,,,,
case_082,4,721041,469322,1.5363460481290032,11400996,11400996,0,round1_structure_chains_8_swap_0_1,0.282,,,,,,,
case_083,5,1057993,285832,3.701450502393014,6897184,3798816,3098368,round5_round2_round1_structure_affinity_64_bundle_4_worksplit_0_4_0_worksplit_2_0_1_worksplit_1_2_1,0.218,,,,,,,
case_083,2,1057993,510355,2.0730530709016275,27445056,27014368,430688,round3_round2_round1_seed_reference_a_affinity_64_bundle_0_worksplit_0_1_7_merge_12_14_placement,0.218,,,,,,,
case_083,3,1057993,425084,2.4889033696869323,19894400,13058368,6836032,round6_round5_round4_round3_round2_round1_structure_components_total_splitmove_0_31_1_0_merge_15_18_merge_12_15_merge_12_21_move_1_2_0_batchmerge_2,0.203,,,,,,,
case_083,4,1057993,342345,3.090429245351911,3865536,3097792,767744,round5_round2_round1_structure_affinity_64_bundle_3_worksplit_0_3_0_worksplit_2_0_1_worksplit_1_2_1,0.235,,,,,,,
case_084,5,2507412,503472,4.98024120507198,0,0,0,seed_reference_a_affinity_64_bundle_5,0.484,,,,,,,
case_084,2,2507412,1254728,1.9983709616745622,18624,18624,0,round3_round2_round1_seed_reference_a_affinity_64_bundle_2_batchmerge_4_split_0_2_split_0_1,0.437,,,,,,,
case_084,3,2507412,839321,2.987429124256393,0,0,0,round2_round1_polish_seed_reference_a_refine1_merge_0_3_critical_order_batchmerge_4_merge_0_15,0.453,,,,,,,
case_084,4,2507412,633870,3.955719627052866,0,0,0,round1_polish_seed_reference_a_refine1_merge_0_4_placement_batchmerge_4,0.5,,,,,,,
case_085,5,3187899,1914860,1.6648209268562715,53855140,,,a_chains_8,0.532,,,,,,,
case_085,2,3187899,3088203,1.032282851872108,6143578,6143578,0,round3_round2_round1_polish_seed_reference_a_refine1_merge_5_6_placement_batchmerge_2_worksplit_55_1_0_placement,0.953,,,,,,,
case_085,3,3187899,2615433,1.218880009543353,53855140,,,a_chains_8,0.484,,,,,,,
case_085,4,3187899,2239926,1.423216213392764,53855140,,,a_chains_8,0.5,,,,,,,
case_086,5,118403,60605,1.9536836894645657,2225154,2225154,0,fork_separators_3,0.265,,,,,,,
case_086,2,118403,113780,1.0406310423624539,339222,339222,0,seed_reference_a_refine1_merge_1_2,0.219,,,,,,,
case_086,3,118403,114521,1.03389771308319,344118,344118,0,seed_reference_local1_fixed_1536_split_2_1,0.235,,,,,,,
case_086,4,118403,114521,1.03389771308319,344118,344118,0,seed_reference_local1_fixed_1536_split_2_1,0.234,,,,,,,
case_087,5,3974071,833349,4.768795546643723,12487680,,,a_affinity_64_bundle_5,0.531,,,,,,,
case_087,2,3974071,2038849,1.9491737740264237,12984746,,,a_affinity_4096_bundle_2,0.531,,,,,,,
case_087,3,3974071,1365116,2.9111599307311615,11404800,,,a_affinity_64_bundle_3,0.547,,,,,,,
case_087,4,3974071,1038811,3.825595801353663,25367040,,,a_affinity_64_bundle_0,0.469,,,,,,,
case_088,5,243623,193772,1.2572662717007617,1074704,1074704,0,round2_round1_structure_affinity_4096_bundle_5_split_58_1_split_105_1,0.219,,,,,,,
case_088,2,243623,196548,1.239508924028736,869888,869888,0,round3_round2_round1_structure_affinity_4096_bundle_0_batchmerge_2_split_61_1_placement,0.188,,,,,,,
case_088,3,243623,195276,1.247582908293902,990282,990282,0,round3_round2_round1_structure_affinity_4096_bundle_3_split_52_1_swap_0_11_merge_60_52,0.203,,,,,,,
case_088,4,243623,192778,1.2637489755055038,1074704,1074704,0,round2_round1_structure_affinity_4096_bundle_4_split_55_1_split_101_1,0.203,,,,,,,
case_089,5,693092,147432,4.701096098540344,954880,954880,0,seed_reference_a_affinity_64_bundle_5,0.265,,,,,,,
case_089,2,693092,346832,1.998350786547954,238720,238720,0,round1_seed_reference_a_affinity_64_bundle_2_batchmerge_2,0.25,,,,,,,
case_089,3,693092,239827,2.8899665175313873,8865408,8865408,0,round4_round3_round2_round1_structure_components_total_worksplit_0_1_13_merge_12_15_worksplit_1_2_13_merge_12_18,0.234,,,,,,,
case_089,4,693092,178160,3.8902784014369107,716160,716160,0,seed_reference_a_affinity_64_bundle_4,0.266,,,,,,,
case_090,5,1178363,456367,2.582051287669792,22602240,16402680,6199560,seed_reference_a_refine1_merge_2_3,0.141,,,,,,,
case_090,2,1178363,589226,1.9998489543910147,23458296,18563448,4894848,round1_seed_reference_a_refine1_merge_2_3_split_1_1,0.109,,,,,,,
case_090,3,1178363,480170,2.4540537726221965,22602240,16402680,6199560,round1_seed_reference_a_refine1_merge_2_3_swap_0_1,0.14,,,,,,,
case_090,4,1178363,455986,2.584208725706491,22602240,16402680,6199560,round1_polish_seed_reference_a_refine1_merge_2_3_critical_order_merge_2_10,0.125,,,,,,,
case_091,5,9186769,2015028,4.559127218083322,111883264,,,a_affinity_64_bundle_0,0.578,,,,,,,
case_091,2,9186769,4582522,2.004740839214738,61883872,,,a_affinity_64_bundle_2,0.563,,,,,,,
case_091,3,9186769,3106295,2.9574683022700676,111883264,,,a_affinity_64_bundle_0,0.594,,,,,,,
case_091,4,9186769,2345612,3.9165765693558865,73112736,,,a_affinity_64_bundle_4,0.5,,,,,,,
case_092,5,4815554,1697048,2.8376062433119156,69092320,,,a_affinity_64_bundle_5,0.375,,,,,,,
case_092,2,4815554,2772068,1.7371702281473616,68736608,,,a_affinity_64_bundle_2,0.391,,,,,,,
case_092,3,4815554,2009146,2.3968163587912477,103665760,,,a_refine1_merge_31_32,0.328,,,,,,,
case_092,4,4815554,1819395,2.646788630286441,69603360,,,a_affinity_64_bundle_4,0.312,,,,,,,
case_093,5,74205,15876,4.674036281179139,32768,,,a_affinity_64_bundle_5,0.0,,,,,,,
case_093,2,74205,37827,1.9616940280751844,8192,,,a_affinity_64_bundle_2,0.015,,,,,,,
case_093,3,74205,25103,2.956021192686133,16384,,,a_affinity_64_bundle_3,0.015,,,,,,,
case_093,4,74205,19779,3.751706355225239,24576,,,a_affinity_64_bundle_4,0.016,,,,,,,
case_094,5,94892,21573,4.3986464562184215,424800,,,a_affinity_64_bundle_5,0.015,,,,,,,
case_094,2,94892,48073,1.9739146714371893,106272,,,a_affinity_64_bundle_2,0.015,,,,,,,
case_094,3,94892,32222,2.9449444478927442,212544,,,a_affinity_64_bundle_3,0.016,,,,,,,
case_094,4,94892,24640,3.8511363636363636,318528,,,a_affinity_64_bundle_4,0.016,,,,,,,
case_095,5,2084853,420852,4.953886401870491,0,,,a_affinity_64_bundle_5,0.078,,,,,,,
case_095,2,2084853,1042890,1.9991111238960964,0,,,a_affinity_64_bundle_2,0.078,,,,,,,
case_095,3,2084853,695775,2.9964471273040854,0,,,a_affinity_64_bundle_3,0.078,,,,,,,
case_095,4,2084853,524422,3.9755254356224565,0,,,a_affinity_64_bundle_4,0.078,,,,,,,
case_096,5,84194,26984,3.120145271271865,79488,,,a_affinity_64_bundle_4,0.031,,,,,,,
case_096,2,84194,44010,1.9130652124517156,67392,,,a_affinity_64_bundle_2,0.016,,,,,,,
case_096,3,84194,30318,2.777030147107329,79488,,,a_affinity_64_bundle_3,0.031,,,,,,,
case_096,4,84194,26984,3.120145271271865,79488,,,a_affinity_64_bundle_4,0.015,,,,,,,
case_097,5,11491509,2102348,5.466035594487687,21311488,,,a_affinity_64_bundle_5,0.14,,,,,,,
case_097,2,11491509,5192028,2.2132987341362567,29818880,,,a_affinity_64_bundle_0,0.157,,,,,,,
case_097,3,11491509,3577028,3.2125856996366817,29818880,,,a_affinity_64_bundle_0,0.125,,,,,,,
case_097,4,11491509,2608028,4.40620614502605,29818880,,,a_affinity_64_bundle_0,0.14,,,,,,,
case_098,5,177430,51345,3.4556431979744864,639256,,,a_affinity_64_bundle_5,0.031,,,,,,,
case_098,2,177430,94351,1.8805312079363228,0,,,components_total,0.032,,,,,,,
case_098,3,177430,69315,2.5597633989756905,639238,,,a_affinity_64_bundle_2,0.031,,,,,,,
case_098,4,177430,60144,2.9500864591646714,639244,,,a_affinity_64_bundle_3,0.046,,,,,,,
case_099,5,1622999,339475,4.780908756167611,10698752,,,a_affinity_64_bundle_5,0.141,,,,,,,
case_099,2,1622999,809945,2.0038385322460166,8114176,,,a_affinity_64_bundle_2,0.141,,,,,,,
case_099,3,1622999,544076,2.9830372962600813,8114176,,,a_affinity_64_bundle_2,0.14,,,,,,,
case_099,4,1622999,405336,4.004083032348471,9838592,,,a_affinity_64_bundle_4,0.141,,,,,,,
case_100,5,151223,44830,3.3732545170644657,1134408,,,a_affinity_64_bundle_4,0.032,,,,,,,
case_100,2,151223,83766,1.8053028675118783,990008,,,a_affinity_64_bundle_2,0.032,,,,,,,
case_100,3,151223,58653,2.5782653913695803,534528,,,components_pipe,0.031,,,,,,,
case_100,4,151223,49599,3.0489122764571865,1134408,,,a_affinity_64_bundle_4,0.031,,,,,,,
